TransactionAmount,TransactionType,Location,Channel,CustomerAge,cluster
14.09,Debit,San Diego,ATM,70.0,0
376.24,Debit,Houston,ATM,68.0,1
126.29,Debit,Mesa,Online,19.0,0
184.5,Debit,Raleigh,Online,26.0,0
13.45,Credit,Atlanta,Online,26.0,1
92.15,Debit,Oklahoma City,ATM,18.0,0
7.08,Credit,Seattle,ATM,37.0,0
171.42,Credit,Indianapolis,Branch,67.0,1
106.23,Credit,Detroit,Branch,51.0,1
815.96,Debit,Nashville,ATM,55.0,0
17.78,Credit,Albuquerque,Online,52.0,1
190.02,Debit,Memphis,Online,21.0,0
494.52,Credit,Mesa,Branch,24.0,0
781.76,Debit,Memphis,ATM,26.0,0
166.99,Debit,Louisville,Online,18.0,0
465.45,Debit,Denver,ATM,36.0,1
555.8,Credit,Austin,Branch,19.0,1
492.93,Debit,Columbus,Online,39.0,1
18.68,Credit,Albuquerque,Branch,59.0,1
71.48,Credit,Columbus,Online,18.0,1
59.32,Debit,Los Angeles,Branch,71.0,1
85.77,Debit,Las Vegas,Branch,38.0,1
52.2,Debit,Atlanta,Online,39.0,1
345.84,Debit,Fort Worth,Online,22.0,1
145.54,Debit,Raleigh,Online,21.0,0
7.49,Credit,Houston,Online,65.0,1
246.93,Debit,Miami,ATM,23.0,0
40.32,Debit,Milwaukee,Branch,37.0,0
127.45,Debit,Las Vegas,Online,44.0,1
56.17,Debit,Detroit,Branch,27.0,1
28.31,Credit,Miami,Online,59.0,0
59.12,Debit,Baltimore,ATM,29.0,1
396.45,Debit,New York,ATM,49.0,0
877.81,Debit,Los Angeles,Online,22.0,1
255.26,Credit,San Francisco,Branch,45.0,0
124.76,Debit,Seattle,Branch,49.0,0
78.13,Debit,Milwaukee,Branch,26.0,0
649.28,Debit,San Jose,ATM,75.0,0
795.31,Debit,Mesa,ATM,66.0,0
335.63,Debit,Oklahoma City,Online,55.0,0
328.47,Debit,San Antonio,ATM,63.0,0
34.02,Debit,Philadelphia,Online,38.0,0
241.42000000000002,Credit,Charlotte,Online,57.0,1
55.32,Debit,Tucson,ATM,19.0,0
304.31,Debit,Louisville,Branch,27.0,0
435.27,Debit,Chicago,Branch,74.0,1
164.49,Debit,Baltimore,Branch,26.0,1
510.23999999999995,Debit,Oklahoma City,Online,19.0,0
626.9,Debit,Denver,Online,26.0,1
22.01,Credit,Sacramento,Online,41.0,0
425.34,Credit,Kansas City,Online,69.0,1
424.56,Debit,Omaha,Online,51.0,0
85.43,Debit,Virginia Beach,Branch,67.0,0
169.5,Debit,San Diego,Branch,28.0,0
104.63,Debit,Omaha,ATM,62.0,0
316.95,Debit,Mesa,Branch,25.0,0
60.540000000000006,Credit,Columbus,Branch,57.0,1
292.56,Credit,Dallas,Branch,68.0,1
386.52,Debit,Indianapolis,Branch,48.0,1
112.07,Debit,Kansas City,Branch,23.0,1
568.52,Debit,Indianapolis,ATM,46.0,1
263.99,Debit,Dallas,Branch,79.0,1
349.64,Debit,Las Vegas,Online,48.0,1
601.4,Credit,Philadelphia,Branch,56.0,0
5.77,Debit,Charlotte,Online,50.0,1
201.33,Credit,Nashville,Branch,42.0,0
298.42,Debit,Indianapolis,Branch,56.0,1
521.06,Debit,Albuquerque,Branch,25.0,1
117.28,Credit,Austin,Online,60.0,1
189.12,Credit,Indianapolis,Branch,32.0,1
133.55,Debit,Atlanta,ATM,44.0,1
143.21,Debit,Dallas,Online,35.0,1
24.77,Debit,Boston,ATM,62.0,1
233.92,Credit,Jacksonville,Online,26.0,1
1212.51,Debit,Indianapolis,Branch,20.0,1
232.12,Debit,Omaha,ATM,37.0,0
162.63,Debit,Kansas City,Online,22.0,1
91.53,Debit,Milwaukee,Branch,44.0,0
120.29,Debit,Miami,Branch,19.0,0
174.25,Debit,Seattle,Online,50.0,0
183.71,Debit,Denver,ATM,38.0,1
345.39,Credit,Phoenix,Online,58.0,0
922.55,Debit,Detroit,ATM,63.0,1
259.91,Debit,Denver,Online,49.0,1
154.71,Debit,San Diego,Online,34.0,0
1340.19,Credit,Austin,Online,54.0,1
24.56,Debit,Mesa,Branch,64.0,0
568.07,Debit,Washington,ATM,48.0,0
9.61,Credit,San Diego,Online,58.0,0
392.96,Debit,Kansas City,Online,24.0,1
716.93,Credit,Milwaukee,Online,60.0,0
223.85,Debit,Kansas City,ATM,53.0,1
230.66,Debit,Houston,Branch,21.0,1
442.12,Debit,Los Angeles,Online,19.0,1
644.17,Debit,San Antonio,ATM,29.0,0
508.67999999999995,Credit,Mesa,Branch,51.0,0
858.63,Credit,San Francisco,Branch,27.0,0
25.36,Debit,Louisville,ATM,57.0,0
147.62,Debit,Charlotte,Branch,71.0,1
115.02,Debit,San Antonio,Branch,37.0,0
383.37,Debit,Fort Worth,Branch,30.0,1
98.54,Credit,El Paso,Online,20.0,1
83.24,Credit,Fort Worth,Branch,55.0,1
196.16,Debit,Virginia Beach,Branch,27.0,0
129.94,Debit,Las Vegas,ATM,32.0,1
306.9,Debit,Colorado Springs,Online,46.0,1
114.98,Debit,Seattle,Online,59.0,0
756.59,Debit,Sacramento,Branch,27.0,0
503.76000000000005,Debit,Los Angeles,Online,22.0,1
143.03,Debit,San Antonio,ATM,63.0,0
1045.22,Debit,Columbus,ATM,53.0,1
245.54,Debit,New York,ATM,25.0,0
254.37000000000003,Credit,Dallas,Online,51.0,1
213.76,Credit,Dallas,ATM,78.0,1
327.86,Debit,Fresno,Online,40.0,1
2.5,Debit,San Diego,Online,47.0,0
300.08,Credit,Austin,Online,68.0,1
56.98,Credit,Oklahoma City,ATM,43.0,0
407.65,Debit,Boston,Online,26.0,1
115.83,Debit,Fresno,Branch,39.0,1
53.57,Debit,Houston,ATM,69.0,1
63.34,Credit,Detroit,Online,46.0,1
317.87,Debit,Detroit,Online,27.0,1
331.65,Debit,Portland,Online,41.0,0
5.04,Debit,Washington,ATM,56.0,0
214.54,Credit,Detroit,Online,70.0,1
598.81,Debit,Philadelphia,Branch,57.0,0
841.28,Debit,Tucson,Online,26.0,0
38.15,Debit,Mesa,Online,26.0,0
1036.66,Debit,San Antonio,Branch,58.0,0
124.72,Debit,Oklahoma City,Branch,33.0,0
302.45,Credit,San Antonio,Branch,78.0,0
208.04,Debit,Louisville,Online,47.0,0
5.77,Credit,Los Angeles,Branch,23.0,1
381.33,Debit,Albuquerque,ATM,56.0,1
16.16,Debit,Milwaukee,ATM,50.0,0
486.0799999999999,Debit,Oklahoma City,Online,18.0,0
336.39,Debit,San Antonio,Branch,21.0,0
997.4299999999998,Debit,Seattle,Online,69.0,0
234.57,Debit,Chicago,Online,23.0,1
6.0,Debit,Chicago,Online,30.0,1
1049.92,Debit,Detroit,ATM,80.0,1
227.14,Debit,Charlotte,ATM,18.0,1
233.74,Credit,Oklahoma City,Online,66.0,0
113.02,Credit,Jacksonville,Branch,69.0,1
45.85,Debit,Los Angeles,ATM,20.0,1
973.3899999999999,Debit,Sacramento,Branch,77.0,0
514.95,Debit,New York,Online,41.0,0
415.5,Debit,Memphis,ATM,66.0,0
265.76,Debit,Philadelphia,Online,54.0,0
69.4,Debit,Virginia Beach,Online,80.0,0
332.93,Credit,Albuquerque,Branch,35.0,1
267.9,Debit,San Antonio,Online,20.0,0
496.0299999999999,Debit,San Francisco,Branch,61.0,0
376.26,Debit,Tucson,ATM,37.0,0
83.02,Credit,Seattle,Online,36.0,0
93.26,Credit,New York,Online,20.0,0
803.37,Credit,Memphis,Branch,68.0,0
35.76,Debit,Charlotte,Branch,23.0,1
28.53,Debit,Washington,Online,62.0,0
139.53,Credit,Louisville,Online,53.0,0
307.57,Debit,Detroit,Branch,33.0,1
60.650000000000006,Credit,Tucson,Branch,56.0,0
74.86,Debit,Nashville,Branch,70.0,0
117.97,Debit,Kansas City,Branch,51.0,1
231.91,Debit,Memphis,ATM,34.0,0
126.20999999999998,Debit,Baltimore,Branch,75.0,1
506.28,Credit,Chicago,Online,53.0,1
304.35,Debit,Houston,Branch,31.0,1
281.85,Debit,Detroit,ATM,22.0,1
777.88,Debit,Houston,Branch,31.0,1
119.18,Debit,Los Angeles,Branch,56.0,1
177.19,Debit,Chicago,Online,76.0,1
260.88,Debit,Denver,Branch,22.0,1
169.47,Debit,Chicago,Online,24.0,1
73.23,Debit,Portland,Branch,26.0,0
1362.55,Debit,El Paso,ATM,29.0,1
792.57,Debit,Baltimore,ATM,19.0,1
237.06,Debit,Phoenix,Online,71.0,0
34.17,Credit,Philadelphia,Online,54.0,0
740.25,Debit,Philadelphia,Online,41.0,0
453.54,Debit,Albuquerque,ATM,58.0,1
300.47,Debit,Jacksonville,Branch,73.0,1
110.93,Credit,Virginia Beach,Branch,19.0,0
201.69,Debit,Las Vegas,ATM,59.0,1
399.21,Debit,Portland,ATM,59.0,0
1041.88,Debit,Jacksonville,Online,78.0,1
630.36,Debit,Mesa,ATM,62.0,0
10.94,Credit,Philadelphia,ATM,60.0,0
215.9,Debit,Los Angeles,ATM,38.0,1
1422.55,Debit,Washington,Branch,79.0,0
226.37,Credit,Louisville,Branch,49.0,0
444.89,Credit,Las Vegas,Branch,43.0,1
280.57,Credit,Virginia Beach,Online,25.0,0
488.54,Debit,Jacksonville,Branch,52.0,1
3.3,Credit,Los Angeles,Branch,50.0,1
199.39,Debit,Colorado Springs,Branch,69.0,1
20.36,Debit,Tucson,Branch,62.0,0
113.64,Debit,Detroit,Online,62.0,1
493.11,Debit,Colorado Springs,Branch,53.0,1
307.41,Debit,Los Angeles,ATM,19.0,1
11.18,Debit,Atlanta,Online,43.0,1
313.82,Debit,Tucson,Branch,59.0,0
51.0,Debit,Seattle,Branch,64.0,0
140.98,Debit,Memphis,Branch,60.0,0
288.04,Debit,Denver,ATM,68.0,1
800.55,Debit,Oklahoma City,ATM,31.0,0
485.54,Debit,Houston,ATM,46.0,1
521.15,Debit,Kansas City,ATM,54.0,1
321.79,Credit,Raleigh,ATM,63.0,0
304.93,Debit,Portland,ATM,65.0,0
432.08,Debit,El Paso,ATM,40.0,1
694.2,Debit,Milwaukee,ATM,61.0,0
116.86,Debit,Louisville,ATM,55.0,0
386.81,Credit,Detroit,Online,57.0,1
74.88,Debit,Atlanta,ATM,25.0,1
195.76,Debit,Philadelphia,Branch,75.0,0
134.7,Debit,Fort Worth,ATM,50.0,1
890.24,Credit,Las Vegas,Online,33.0,1
361.27,Debit,Omaha,ATM,63.0,0
131.56,Debit,Charlotte,Branch,44.0,1
485.51,Credit,Milwaukee,Online,76.0,0
547.87,Debit,Columbus,ATM,64.0,1
457.3,Debit,Virginia Beach,Online,28.0,0
506.24,Debit,Chicago,ATM,58.0,1
486.59,Debit,Indianapolis,Branch,57.0,1
163.68,Debit,San Diego,Branch,41.0,0
581.65,Debit,Boston,ATM,22.0,1
52.01,Debit,Mesa,ATM,48.0,0
630.24,Debit,Boston,ATM,21.0,1
523.74,Debit,Oklahoma City,ATM,43.0,0
705.6,Debit,Phoenix,Branch,40.0,0
217.5,Credit,Denver,Branch,46.0,1
91.48,Debit,Fort Worth,ATM,51.0,1
5.25,Debit,San Jose,ATM,39.0,0
54.03,Credit,Milwaukee,ATM,56.0,0
736.73,Debit,Memphis,Branch,48.0,0
368.91,Debit,Virginia Beach,Branch,54.0,0
33.06,Credit,Fort Worth,Online,53.0,1
66.5,Credit,Louisville,Online,32.0,0
177.08,Debit,Las Vegas,Online,35.0,1
588.54,Debit,Portland,Branch,32.0,0
173.5,Debit,Nashville,ATM,21.0,0
78.33,Credit,Memphis,Online,56.0,0
40.66,Debit,Louisville,Branch,59.0,0
97.22,Credit,Atlanta,Branch,77.0,1
34.07,Debit,Philadelphia,Branch,22.0,0
492.06000000000006,Debit,Fresno,Online,23.0,1
842.01,Credit,Virginia Beach,Online,53.0,0
73.55,Debit,Atlanta,ATM,51.0,1
760.53,Debit,Phoenix,Online,57.0,0
273.08,Credit,Houston,Branch,26.0,1
371.69,Debit,San Francisco,Branch,67.0,0
218.96,Debit,Seattle,ATM,18.0,0
227.39,Debit,Atlanta,Online,18.0,1
237.99,Credit,Kansas City,Branch,39.0,1
186.6,Debit,Washington,Online,58.0,0
341.15,Debit,San Jose,Online,18.0,0
434.58,Debit,Memphis,ATM,59.0,0
312.88,Credit,Portland,Branch,54.0,0
75.15,Debit,Boston,ATM,23.0,1
23.3,Debit,Los Angeles,ATM,59.0,1
47.38,Credit,Seattle,Online,25.0,0
512.81,Debit,Sacramento,Branch,79.0,0
488.15000000000003,Debit,Louisville,Branch,43.0,0
12.82,Debit,Fort Worth,ATM,44.0,1
66.9,Credit,Charlotte,Online,79.0,1
535.91,Debit,Las Vegas,Online,43.0,1
270.72,Credit,Washington,Online,26.0,0
97.98,Debit,Denver,Branch,72.0,1
196.08,Debit,San Francisco,Online,61.0,0
251.18000000000004,Debit,San Jose,ATM,42.0,0
44.52,Debit,El Paso,Online,28.0,1
178.87,Debit,Baltimore,Online,35.0,1
1176.28,Credit,Kansas City,ATM,54.0,1
386.68,Debit,New York,Branch,46.0,0
167.14,Debit,Denver,Online,76.0,1
345.22,Debit,Fresno,Branch,69.0,1
74.85,Debit,Raleigh,ATM,72.0,0
671.73,Debit,Washington,Branch,58.0,0
255.03999999999996,Debit,Seattle,ATM,45.0,0
45.77,Debit,Philadelphia,Online,25.0,0
329.69,Credit,San Antonio,Online,26.0,0
362.04,Credit,Philadelphia,Branch,58.0,0
11.92,Debit,San Diego,Branch,53.0,0
47.42,Debit,San Diego,ATM,64.0,0
35.99,Debit,Miami,Branch,63.0,0
151.19,Credit,New York,Branch,37.0,0
242.62,Credit,San Francisco,Online,22.0,0
48.72,Debit,Virginia Beach,Branch,21.0,0
43.46,Debit,Boston,ATM,25.0,1
1036.21,Debit,Omaha,Online,25.0,0
443.79,Debit,Las Vegas,ATM,53.0,1
365.14,Debit,Dallas,Online,68.0,1
757.41,Debit,Los Angeles,ATM,22.0,1
20.54,Debit,Fort Worth,Branch,51.0,1
475.36,Debit,Phoenix,ATM,34.0,0
34.74,Debit,San Francisco,ATM,56.0,0
689.54,Debit,Oklahoma City,Branch,27.0,0
211.18,Debit,Washington,ATM,73.0,0
211.36,Credit,Fort Worth,Branch,51.0,1
744.41,Credit,Houston,Online,39.0,1
61.43,Debit,Phoenix,Online,24.0,0
167.44,Debit,Mesa,Branch,37.0,0
361.46,Debit,Nashville,Online,21.0,0
378.85,Debit,Virginia Beach,Branch,78.0,0
241.10999999999999,Debit,Columbus,Branch,30.0,1
131.93,Credit,Fort Worth,Branch,31.0,1
20.28,Debit,Oklahoma City,Online,36.0,0
415.88,Debit,San Diego,Branch,70.0,0
49.99,Debit,Omaha,ATM,62.0,0
1221.65,Debit,Denver,Online,27.0,1
100.66,Debit,Dallas,Branch,50.0,1
485.54,Debit,Louisville,Online,19.0,0
321.15,Debit,Los Angeles,Branch,46.0,1
711.3,Debit,San Jose,Branch,21.0,0
12.23,Debit,Houston,ATM,42.0,1
350.94,Debit,Colorado Springs,ATM,20.0,1
301.85,Debit,Columbus,Online,54.0,1
29.34,Debit,Louisville,Online,65.0,0
231.71,Debit,Raleigh,Branch,27.0,0
179.43,Debit,Oklahoma City,ATM,58.0,0
36.71,Debit,Jacksonville,Branch,48.0,1
138.12,Credit,Los Angeles,Branch,53.0,1
233.24,Debit,Louisville,ATM,33.0,0
609.14,Debit,Tucson,ATM,39.0,0
436.64,Debit,Los Angeles,Branch,31.0,1
870.43,Debit,Los Angeles,Branch,29.0,1
354.4,Debit,Chicago,ATM,74.0,1
22.63,Debit,Kansas City,Online,53.0,1
182.19,Debit,Mesa,Branch,26.0,0
126.81,Debit,Philadelphia,Branch,26.0,0
288.17,Debit,Virginia Beach,Online,37.0,0
118.77,Debit,Atlanta,Branch,55.0,1
651.82,Debit,Indianapolis,ATM,21.0,1
66.65,Debit,Detroit,ATM,37.0,1
98.53,Debit,Denver,Branch,69.0,1
138.95,Debit,Washington,Online,71.0,0
33.89,Debit,Nashville,Branch,26.0,0
23.71,Debit,Atlanta,Branch,58.0,1
1830.0,Debit,San Antonio,Online,55.0,0
26.06,Debit,San Diego,ATM,65.0,0
17.07,Debit,Los Angeles,Branch,27.0,1
703.89,Debit,San Antonio,Online,46.0,0
1271.9,Debit,Houston,ATM,47.0,1
26.55,Debit,Houston,ATM,77.0,1
147.4,Debit,San Jose,Branch,42.0,0
202.11,Debit,Memphis,ATM,27.0,0
308.42,Debit,Nashville,Branch,75.0,0
11.18,Debit,Miami,ATM,53.0,0
294.15,Debit,Fresno,Online,38.0,1
29.58,Debit,Colorado Springs,Branch,54.0,1
139.45,Debit,Boston,Online,27.0,1
432.63,Debit,Colorado Springs,ATM,29.0,1
131.43,Debit,Charlotte,Online,43.0,1
516.72,Debit,Mesa,ATM,42.0,0
121.82000000000001,Debit,Colorado Springs,Online,69.0,1
374.5,Credit,San Francisco,Branch,26.0,0
166.13,Debit,Omaha,ATM,68.0,0
626.9,Debit,Chicago,ATM,23.0,1
466.85,Debit,Austin,Branch,56.0,1
788.84,Debit,Phoenix,Online,58.0,0
873.65,Credit,Oklahoma City,Online,37.0,0
525.28,Debit,Colorado Springs,ATM,69.0,1
110.17,Debit,Raleigh,ATM,30.0,0
632.69,Debit,Denver,ATM,80.0,1
124.35,Debit,Oklahoma City,ATM,72.0,0
43.85,Debit,Fresno,ATM,62.0,1
283.81,Debit,San Diego,Branch,28.0,0
168.53,Debit,San Francisco,ATM,71.0,0
218.59,Credit,Denver,Branch,40.0,1
132.84,Debit,Oklahoma City,ATM,21.0,0
157.37,Credit,Dallas,Branch,42.0,1
144.77,Debit,Albuquerque,Online,20.0,1
643.22,Debit,Atlanta,ATM,64.0,1
1392.54,Debit,El Paso,Branch,41.0,1
208.07,Debit,Oklahoma City,Online,32.0,0
94.3,Debit,Phoenix,Branch,57.0,0
295.5,Debit,Mesa,ATM,59.0,0
30.229999999999997,Debit,Austin,ATM,44.0,1
112.05,Credit,Phoenix,ATM,26.0,0
180.24,Debit,Phoenix,Branch,58.0,0
13.71,Credit,Denver,Online,38.0,1
96.54,Debit,New York,Branch,58.0,0
79.35,Debit,Los Angeles,Online,67.0,1
101.04,Debit,San Antonio,ATM,27.0,0
74.42,Debit,El Paso,Online,49.0,1
39.66,Debit,Virginia Beach,Branch,52.0,0
99.36,Debit,Seattle,ATM,40.0,0
123.85,Debit,Las Vegas,Online,56.0,1
426.93,Debit,Omaha,ATM,19.0,0
133.73,Credit,San Jose,Online,25.0,0
222.39,Debit,Virginia Beach,Online,49.0,0
215.94,Credit,Virginia Beach,Online,22.0,0
6.3,Debit,Columbus,Branch,80.0,1
826.23,Debit,Colorado Springs,ATM,29.0,1
416.37,Debit,Columbus,Online,35.0,1
131.46,Debit,Charlotte,Branch,67.0,1
202.86,Credit,Memphis,Branch,61.0,0
268.39,Debit,Miami,ATM,26.0,0
194.85,Debit,Jacksonville,Online,23.0,1
137.35,Credit,Sacramento,Online,40.0,0
712.75,Debit,Philadelphia,Branch,44.0,0
353.82,Debit,Milwaukee,ATM,42.0,0
507.25000000000006,Debit,Washington,Branch,73.0,0
212.74,Debit,Seattle,Branch,27.0,0
364.42,Debit,Colorado Springs,ATM,51.0,1
195.12,Debit,Louisville,ATM,46.0,0
230.61,Debit,Raleigh,Branch,80.0,0
739.28,Credit,Tucson,Branch,58.0,0
390.35,Credit,Omaha,ATM,64.0,0
242.03000000000003,Debit,Dallas,Online,58.0,1
242.39000000000001,Credit,San Antonio,ATM,18.0,0
135.03,Debit,San Francisco,ATM,23.0,0
83.5,Debit,Dallas,Branch,61.0,1
193.54,Debit,Oklahoma City,Branch,80.0,0
617.36,Debit,Kansas City,Branch,29.0,1
775.23,Credit,Albuquerque,Online,59.0,1
266.57,Debit,El Paso,ATM,72.0,1
153.4,Debit,Mesa,ATM,45.0,0
946.94,Debit,Charlotte,Branch,53.0,1
5.12,Debit,New York,Branch,34.0,0
119.11,Debit,Detroit,ATM,57.0,1
1096.7,Debit,Colorado Springs,Online,24.0,1
119.72,Debit,Tucson,Branch,30.0,0
107.4,Debit,Virginia Beach,Online,58.0,0
115.92,Debit,Raleigh,ATM,53.0,0
438.04,Debit,Philadelphia,ATM,67.0,0
677.29,Debit,Houston,Online,27.0,1
296.0,Debit,Las Vegas,Branch,35.0,1
299.09,Credit,Boston,Branch,36.0,1
461.52,Credit,Denver,Branch,24.0,1
100.52,Debit,Las Vegas,ATM,50.0,1
85.35,Debit,Washington,ATM,66.0,0
79.76,Debit,Raleigh,Branch,39.0,0
778.49,Credit,Omaha,Online,75.0,0
386.38,Debit,Phoenix,Online,42.0,0
165.25,Debit,Sacramento,Online,35.0,0
14.29,Debit,Los Angeles,ATM,34.0,1
232.79,Credit,Indianapolis,Branch,55.0,1
1237.56,Credit,Austin,Branch,60.0,1
92.29,Debit,Albuquerque,Branch,54.0,1
293.97,Debit,Phoenix,Branch,68.0,0
136.32,Debit,Miami,Online,19.0,0
251.06,Debit,Colorado Springs,Online,36.0,1
50.17,Credit,Sacramento,ATM,77.0,0
21.4,Debit,Fresno,Branch,34.0,1
73.28,Debit,Boston,Branch,21.0,1
70.23,Debit,Memphis,ATM,38.0,0
689.29,Debit,El Paso,ATM,22.0,1
745.03,Debit,Fort Worth,Online,28.0,1
54.61,Debit,Milwaukee,ATM,58.0,0
54.05,Debit,Louisville,Branch,27.0,0
107.47,Debit,Austin,Online,67.0,1
611.11,Debit,Detroit,ATM,20.0,1
219.63,Debit,Charlotte,ATM,48.0,1
188.7,Debit,New York,Branch,54.0,0
93.52,Debit,Philadelphia,Online,51.0,0
275.92,Credit,Nashville,Branch,62.0,0
376.79,Debit,Milwaukee,Branch,68.0,0
8.98,Debit,Detroit,Online,66.0,1
697.32,Debit,Atlanta,Online,68.0,1
17.45,Debit,Omaha,ATM,18.0,0
302.16,Debit,Kansas City,Online,80.0,1
442.74,Debit,San Diego,Branch,23.0,0
623.9,Debit,San Jose,ATM,27.0,0
445.41,Debit,Fresno,ATM,35.0,1
63.41,Debit,Fort Worth,ATM,26.0,1
346.85,Debit,Kansas City,ATM,44.0,1
71.95,Credit,Omaha,Online,59.0,0
7.5,Debit,Dallas,Online,63.0,1
206.46,Debit,Virginia Beach,ATM,65.0,0
423.11,Debit,Columbus,ATM,60.0,1
35.84,Credit,Colorado Springs,Online,54.0,1
88.6,Credit,Raleigh,Branch,28.0,0
1431.3,Debit,Oklahoma City,ATM,18.0,0
53.81,Credit,Raleigh,ATM,55.0,0
22.46,Debit,New York,Online,54.0,0
334.89,Debit,Fort Worth,Online,21.0,1
319.27,Credit,Omaha,Online,54.0,0
144.3,Debit,Oklahoma City,ATM,18.0,0
348.7,Credit,Fresno,Branch,69.0,1
366.21,Debit,Oklahoma City,ATM,62.0,0
99.11,Debit,Philadelphia,Online,55.0,0
539.35,Debit,Milwaukee,ATM,55.0,0
188.99,Debit,Oklahoma City,Branch,58.0,0
1416.69,Debit,Nashville,ATM,46.0,0
710.14,Debit,El Paso,ATM,26.0,1
308.68,Debit,Milwaukee,Online,53.0,0
166.68,Debit,Mesa,ATM,57.0,0
0.99,Debit,Los Angeles,ATM,45.0,1
505.18999999999994,Debit,Kansas City,ATM,30.0,1
66.58,Debit,Raleigh,Branch,23.0,0
223.43,Debit,Dallas,Branch,77.0,1
659.95,Debit,Detroit,Online,60.0,1
634.86,Debit,Chicago,ATM,27.0,1
286.5,Credit,Boston,Branch,30.0,1
322.96,Credit,Philadelphia,Branch,76.0,0
654.48,Debit,Columbus,Branch,19.0,1
157.97,Debit,Philadelphia,Branch,48.0,0
120.90000000000002,Debit,Tucson,Branch,40.0,0
254.77,Debit,Denver,Branch,57.0,1
795.96,Debit,Raleigh,Online,65.0,0
149.25,Debit,Omaha,ATM,39.0,0
3.42,Credit,San Antonio,Online,43.0,0
68.19,Credit,Fresno,Online,40.0,1
493.4200000000001,Debit,Baltimore,Branch,39.0,1
37.57,Debit,El Paso,ATM,57.0,1
127.00000000000001,Credit,Nashville,Branch,19.0,0
96.89,Debit,Sacramento,ATM,59.0,0
448.33,Debit,Atlanta,ATM,25.0,1
1116.48,Debit,San Diego,ATM,51.0,0
8.65,Debit,Las Vegas,Online,48.0,1
65.57,Debit,Miami,Online,41.0,0
539.81,Debit,San Francisco,Online,46.0,0
363.53,Debit,Kansas City,ATM,63.0,1
64.9,Credit,Detroit,Branch,51.0,1
358.18,Debit,Boston,ATM,18.0,1
167.2,Debit,San Antonio,Branch,30.0,0
121.90999999999998,Debit,Chicago,Branch,60.0,1
137.57,Debit,Louisville,Online,54.0,0
534.62,Debit,Oklahoma City,Online,55.0,0
463.92,Debit,Mesa,Online,50.0,0
320.14,Debit,Milwaukee,Online,60.0,0
214.93,Debit,Albuquerque,Online,28.0,1
660.02,Debit,Nashville,Branch,20.0,0
345.81,Debit,Raleigh,Branch,40.0,0
143.54,Debit,Philadelphia,ATM,71.0,0
42.55,Debit,Seattle,Branch,53.0,0
1063.25,Credit,Omaha,Online,21.0,0
541.79,Debit,Mesa,ATM,22.0,0
40.57,Debit,Columbus,Branch,26.0,1
120.24000000000001,Debit,Milwaukee,Branch,18.0,0
498.66999999999996,Debit,Miami,Online,28.0,0
227.22,Debit,El Paso,ATM,53.0,1
1182.86,Debit,Tucson,Online,30.0,0
56.94,Credit,Charlotte,Online,76.0,1
629.82,Debit,Colorado Springs,ATM,68.0,1
59.44,Debit,Chicago,Online,35.0,1
186.69,Debit,New York,Branch,30.0,0
230.46,Debit,Mesa,Online,19.0,0
65.09,Credit,Seattle,Online,44.0,0
457.09,Credit,Nashville,Online,55.0,0
552.02,Credit,Chicago,ATM,44.0,1
377.12,Debit,Houston,ATM,34.0,1
204.56,Credit,San Diego,Branch,18.0,0
420.28,Debit,Washington,Branch,35.0,0
97.09,Debit,Fort Worth,ATM,24.0,1
124.59,Debit,Charlotte,Branch,27.0,1
73.88,Debit,Charlotte,Online,39.0,1
77.43,Debit,Raleigh,Online,21.0,0
106.16,Debit,Phoenix,ATM,56.0,0
245.93,Debit,Fresno,Branch,54.0,1
622.41,Debit,Indianapolis,ATM,64.0,1
43.73,Debit,Omaha,ATM,34.0,0
1282.86,Debit,Austin,Branch,19.0,1
2.03,Credit,Detroit,ATM,33.0,1
770.65,Debit,Jacksonville,Online,31.0,1
260.31,Debit,Austin,Branch,63.0,1
356.1,Credit,Fort Worth,Branch,26.0,1
27.07,Credit,Virginia Beach,Branch,80.0,0
119.89,Debit,Tucson,ATM,67.0,0
106.39,Debit,Virginia Beach,Online,37.0,0
12.04,Debit,Fort Worth,Online,37.0,1
365.7,Debit,Houston,Branch,21.0,1
29.38,Credit,Baltimore,Branch,28.0,1
319.85,Debit,Denver,ATM,60.0,1
350.14,Credit,Los Angeles,Online,75.0,1
163.94,Credit,Virginia Beach,Branch,52.0,0
170.53,Debit,Oklahoma City,Branch,24.0,0
262.22,Credit,Baltimore,ATM,40.0,1
41.49,Debit,Albuquerque,Online,24.0,1
121.43,Credit,Sacramento,Branch,52.0,0
350.46,Debit,Nashville,Branch,51.0,0
220.41,Credit,El Paso,Online,26.0,1
33.46,Debit,Seattle,ATM,72.0,0
104.79,Debit,Denver,ATM,70.0,1
246.27000000000004,Debit,Fresno,Online,29.0,1
48.85,Debit,Dallas,ATM,19.0,1
332.0,Debit,Charlotte,ATM,69.0,1
118.1,Debit,Memphis,Online,54.0,0
84.59,Credit,Las Vegas,Branch,67.0,1
295.64,Debit,Jacksonville,Online,21.0,1
514.33,Debit,Philadelphia,Branch,25.0,0
992.1700000000001,Debit,San Antonio,ATM,43.0,0
94.59,Debit,Washington,Online,39.0,0
80.43,Debit,Columbus,Branch,59.0,1
54.25,Debit,Virginia Beach,Online,68.0,0
178.88,Credit,Dallas,Branch,76.0,1
518.85,Debit,Kansas City,Online,22.0,1
10.65,Debit,Louisville,Online,54.0,0
198.62,Credit,Tucson,Branch,27.0,0
107.03,Debit,Miami,Branch,27.0,0
139.57,Debit,Fort Worth,ATM,19.0,1
312.47,Debit,Milwaukee,ATM,49.0,0
346.11,Debit,Dallas,Branch,41.0,1
138.06,Debit,Charlotte,Branch,44.0,1
158.02,Debit,New York,ATM,49.0,0
830.01,Credit,Chicago,Online,66.0,1
435.5,Debit,Oklahoma City,ATM,55.0,0
110.49,Debit,Raleigh,Online,57.0,0
329.4,Debit,Denver,Online,34.0,1
635.4,Debit,Denver,ATM,47.0,1
769.97,Debit,San Diego,Branch,22.0,0
175.07,Debit,Colorado Springs,Branch,26.0,1
7.31,Debit,Las Vegas,Branch,78.0,1
175.15,Debit,Detroit,ATM,27.0,1
32.54,Debit,Oklahoma City,Online,25.0,0
121.82000000000001,Debit,Dallas,Online,60.0,1
56.12,Debit,El Paso,ATM,30.0,1
424.7,Credit,Miami,Online,56.0,0
35.16,Debit,Chicago,Branch,32.0,1
35.73,Debit,Miami,Branch,65.0,0
3.44,Debit,Fort Worth,ATM,78.0,1
1342.25,Credit,Fort Worth,Branch,21.0,1
139.03,Credit,Los Angeles,Online,50.0,1
254.92,Credit,San Antonio,ATM,28.0,0
115.11,Debit,Albuquerque,Online,28.0,1
171.11,Debit,San Francisco,ATM,57.0,0
168.54,Debit,Oklahoma City,ATM,70.0,0
420.76,Debit,Miami,Branch,51.0,0
408.46,Debit,Raleigh,Branch,64.0,0
1162.42,Credit,Detroit,Online,30.0,1
342.17,Credit,New York,Branch,21.0,0
580.71,Debit,Philadelphia,ATM,53.0,0
821.54,Credit,Atlanta,Branch,79.0,1
253.47,Debit,Atlanta,Branch,20.0,1
22.81,Debit,New York,Online,62.0,0
266.57,Credit,Boston,Online,39.0,1
374.61,Credit,Mesa,Online,75.0,0
339.35,Credit,Boston,ATM,78.0,1
810.36,Debit,Columbus,ATM,20.0,1
9.83,Debit,Memphis,ATM,24.0,0
135.57,Credit,Boston,Branch,51.0,1
340.05,Debit,Detroit,ATM,43.0,1
283.45,Debit,Colorado Springs,Branch,27.0,1
100.99,Debit,New York,ATM,68.0,0
90.88,Debit,Albuquerque,Branch,18.0,1
655.15,Debit,Seattle,ATM,26.0,0
320.55,Debit,Milwaukee,Online,50.0,0
41.51,Debit,Phoenix,Online,28.0,0
71.53,Credit,Jacksonville,Branch,68.0,1
467.13,Credit,Kansas City,Branch,54.0,1
235.4,Debit,Detroit,Branch,28.0,1
159.32,Debit,Seattle,Branch,18.0,0
50.83,Credit,Philadelphia,Online,30.0,0
56.89,Credit,Houston,Branch,59.0,1
20.22,Debit,Jacksonville,ATM,43.0,1
50.4,Debit,San Antonio,Branch,36.0,0
73.88,Debit,Los Angeles,Branch,53.0,1
119.61,Debit,San Diego,ATM,33.0,0
1241.05,Debit,Miami,Branch,18.0,0
116.58,Debit,Raleigh,Branch,43.0,0
1919.1100000000001,Debit,Portland,ATM,30.0,0
391.96,Debit,Nashville,ATM,64.0,0
156.26,Credit,Virginia Beach,Branch,46.0,0
427.0,Credit,Oklahoma City,Branch,49.0,0
443.68,Debit,Tucson,ATM,18.0,0
101.76,Debit,Philadelphia,Branch,31.0,0
67.57,Debit,Charlotte,Branch,37.0,1
326.29,Debit,Denver,Online,56.0,1
158.56,Debit,Sacramento,ATM,33.0,0
56.02,Debit,Memphis,Online,27.0,0
288.28,Debit,Portland,Online,27.0,0
245.67,Credit,Portland,Branch,24.0,0
152.18,Credit,Los Angeles,Online,39.0,1
114.35,Credit,El Paso,Branch,41.0,1
373.27,Credit,Miami,Online,61.0,0
504.63000000000005,Debit,Portland,Online,60.0,0
126.22,Debit,Atlanta,ATM,46.0,1
820.15,Debit,Kansas City,Branch,47.0,1
986.8099999999998,Credit,Houston,Online,68.0,1
8.37,Debit,Colorado Springs,ATM,63.0,1
197.49,Credit,Fresno,Online,53.0,1
637.97,Debit,New York,Branch,58.0,0
13.52,Debit,Seattle,ATM,26.0,0
432.1,Debit,San Francisco,ATM,49.0,0
375.17,Debit,Fort Worth,ATM,51.0,1
642.68,Debit,Fresno,Branch,50.0,1
78.44,Credit,San Jose,Online,52.0,0
139.72,Debit,Memphis,Branch,49.0,0
499.99,Debit,San Jose,Branch,31.0,0
10.07,Debit,Albuquerque,Online,24.0,1
120.61999999999999,Debit,Raleigh,ATM,23.0,0
578.49,Debit,Nashville,Branch,59.0,0
119.3,Debit,Mesa,Branch,34.0,0
280.92,Debit,Phoenix,Online,41.0,0
42.42,Debit,Sacramento,Online,21.0,0
77.03,Debit,Fresno,ATM,67.0,1
22.59,Debit,Seattle,ATM,62.0,0
568.76,Debit,Baltimore,ATM,51.0,1
25.94,Credit,San Jose,Online,58.0,0
105.94,Debit,Oklahoma City,Branch,51.0,0
733.29,Debit,Virginia Beach,ATM,52.0,0
350.15,Credit,Fresno,ATM,21.0,1
1151.18,Debit,Kansas City,ATM,65.0,1
183.67,Debit,San Diego,Online,19.0,0
278.27,Debit,Tucson,Branch,29.0,0
470.3,Debit,Austin,ATM,40.0,1
261.69,Debit,Philadelphia,ATM,53.0,0
365.04,Debit,Virginia Beach,Branch,22.0,0
211.1,Debit,Miami,Branch,57.0,0
21.49,Debit,Denver,ATM,58.0,1
63.58,Debit,Columbus,ATM,18.0,1
321.86,Debit,San Antonio,ATM,63.0,0
12.11,Debit,Jacksonville,Branch,75.0,1
642.54,Debit,Milwaukee,Branch,44.0,0
210.45,Debit,Las Vegas,ATM,27.0,1
313.65,Credit,Chicago,Branch,55.0,1
99.76,Debit,Sacramento,Branch,26.0,0
115.32,Debit,Denver,Branch,53.0,1
33.61,Debit,Milwaukee,Online,23.0,0
498.59,Credit,Oklahoma City,Online,33.0,0
98.81,Debit,San Francisco,Branch,27.0,0
1.8700000000000003,Debit,Washington,ATM,65.0,0
78.92,Credit,Jacksonville,Online,59.0,1
194.29,Credit,Seattle,Branch,39.0,0
28.73,Debit,Kansas City,ATM,53.0,1
105.53,Debit,Colorado Springs,Online,24.0,1
737.34,Debit,Miami,Online,30.0,0
237.86,Debit,Philadelphia,ATM,18.0,0
409.61,Debit,Kansas City,Branch,65.0,1
75.53,Credit,Fresno,Online,21.0,1
72.75,Debit,Phoenix,ATM,64.0,0
39.11,Debit,Columbus,Online,26.0,1
1309.79,Debit,San Francisco,ATM,23.0,0
729.38,Debit,Los Angeles,ATM,68.0,1
137.49,Debit,Fort Worth,ATM,34.0,1
504.71,Debit,Detroit,Online,29.0,1
371.47,Credit,Milwaukee,Branch,24.0,0
430.35,Debit,Charlotte,Online,36.0,1
230.32,Debit,Las Vegas,Branch,35.0,1
121.71,Debit,Chicago,ATM,52.0,1
98.87,Debit,Detroit,Online,20.0,1
117.55,Debit,Fresno,ATM,24.0,1
244.64,Debit,Tucson,Branch,30.0,0
321.93,Debit,Nashville,ATM,45.0,0
1092.73,Debit,Columbus,Branch,58.0,1
283.23,Debit,El Paso,Online,40.0,1
346.65,Debit,Washington,Online,30.0,0
381.62,Debit,Las Vegas,Online,64.0,1
388.65,Debit,Oklahoma City,ATM,76.0,0
29.22,Debit,San Antonio,ATM,24.0,0
46.75,Debit,Colorado Springs,Branch,67.0,1
348.64,Debit,San Jose,Online,57.0,0
319.17,Debit,Tucson,Online,73.0,0
73.95,Debit,Kansas City,ATM,26.0,1
389.63,Debit,Mesa,Online,27.0,0
217.61,Debit,Chicago,ATM,19.0,1
199.84,Debit,Dallas,ATM,21.0,1
56.35,Debit,Charlotte,ATM,44.0,1
248.95000000000002,Credit,San Francisco,Branch,65.0,0
142.58,Debit,San Antonio,ATM,33.0,0
1020.7299999999999,Debit,Fort Worth,ATM,28.0,1
84.34,Debit,Memphis,Online,58.0,0
1607.55,Debit,Phoenix,ATM,31.0,0
333.78,Debit,San Diego,ATM,60.0,0
332.59,Debit,San Antonio,Online,55.0,0
236.81,Debit,Oklahoma City,Branch,22.0,0
417.8,Credit,Philadelphia,Branch,27.0,0
319.27,Debit,San Antonio,ATM,50.0,0
384.1,Debit,Detroit,Branch,42.0,1
820.62,Credit,Fresno,Branch,61.0,1
474.77,Credit,Indianapolis,Online,56.0,1
542.72,Credit,Indianapolis,Branch,43.0,1
79.8,Debit,Fort Worth,ATM,73.0,1
46.24,Debit,San Diego,Branch,57.0,0
327.8,Debit,San Francisco,ATM,61.0,0
445.79,Debit,Las Vegas,ATM,52.0,1
55.89,Debit,Fresno,Online,72.0,1
158.41,Debit,Sacramento,Branch,28.0,0
101.19,Credit,Denver,Online,64.0,1
827.14,Debit,El Paso,Branch,36.0,1
61.970000000000006,Debit,Phoenix,ATM,74.0,0
27.21,Debit,San Jose,ATM,79.0,0
173.74,Debit,Houston,Online,80.0,1
176.11,Debit,San Jose,Branch,38.0,0
88.4,Debit,Fort Worth,Online,46.0,1
567.92,Debit,Columbus,Online,53.0,1
138.11,Credit,Phoenix,Online,68.0,0
456.93,Credit,Virginia Beach,Branch,28.0,0
101.42,Debit,Atlanta,Online,66.0,1
300.61,Debit,El Paso,Online,44.0,1
265.94,Debit,Boston,Online,54.0,1
345.54,Debit,San Diego,Online,29.0,0
411.52,Debit,Los Angeles,ATM,41.0,1
111.21,Debit,Portland,Branch,35.0,0
316.37,Debit,Colorado Springs,ATM,53.0,1
260.63,Debit,Fort Worth,Branch,37.0,1
92.36,Debit,Dallas,ATM,29.0,1
262.06,Debit,Oklahoma City,Branch,63.0,0
64.5,Debit,Denver,ATM,74.0,1
253.55,Debit,Jacksonville,ATM,28.0,1
408.28,Credit,Nashville,Branch,21.0,0
175.94,Debit,Indianapolis,ATM,57.0,1
199.47,Debit,Detroit,Online,57.0,1
51.07,Debit,Dallas,Branch,63.0,1
435.86,Debit,Jacksonville,ATM,56.0,1
74.73,Credit,Jacksonville,Branch,64.0,1
182.79,Credit,Louisville,Online,23.0,0
628.36,Debit,Austin,Online,44.0,1
268.39,Debit,San Antonio,Online,29.0,0
362.27,Debit,Jacksonville,ATM,80.0,1
560.15,Credit,Memphis,Online,50.0,0
351.99,Debit,Chicago,ATM,80.0,1
132.36,Debit,Colorado Springs,Branch,28.0,1
24.77,Credit,Nashville,Online,40.0,0
668.67,Debit,Detroit,Online,44.0,1
80.24,Credit,New York,Branch,53.0,0
8.65,Debit,Mesa,ATM,68.0,0
178.91,Debit,Omaha,ATM,18.0,0
115.22,Debit,San Francisco,Branch,27.0,0
161.63,Debit,San Jose,Online,46.0,0
542.75,Credit,Nashville,Branch,70.0,0
317.47,Credit,Sacramento,Online,67.0,0
280.99,Debit,Houston,Branch,45.0,1
24.19,Debit,San Diego,ATM,29.0,0
586.85,Debit,Mesa,ATM,36.0,0
372.41,Debit,San Diego,ATM,55.0,0
63.17,Debit,Fresno,ATM,20.0,1
383.69,Debit,Colorado Springs,Online,54.0,1
247.16999999999996,Credit,Chicago,Branch,65.0,1
48.78,Credit,Kansas City,Branch,18.0,1
4.15,Credit,Omaha,Branch,60.0,0
60.989999999999995,Debit,Oklahoma City,Branch,34.0,0
408.19,Debit,Mesa,Branch,26.0,0
524.6,Debit,El Paso,Branch,58.0,1
108.96,Debit,Milwaukee,ATM,26.0,0
70.03,Debit,Nashville,Branch,63.0,0
124.84,Debit,Louisville,Online,52.0,0
324.04,Debit,Virginia Beach,ATM,54.0,0
39.69,Debit,Austin,Online,70.0,1
157.7,Credit,Omaha,Branch,58.0,0
81.27,Credit,Seattle,Online,22.0,0
193.82,Debit,Kansas City,Branch,37.0,1
16.73,Debit,Omaha,Online,79.0,0
474.05,Debit,San Jose,ATM,57.0,0
39.21,Debit,Miami,ATM,66.0,0
637.75,Debit,Dallas,Branch,79.0,1
153.59,Credit,Portland,Branch,66.0,0
186.6,Debit,Tucson,Branch,18.0,0
644.08,Debit,Atlanta,Online,24.0,1
226.66,Debit,Austin,Branch,41.0,1
305.0,Debit,Phoenix,ATM,22.0,0
233.1,Credit,Nashville,Branch,42.0,0
793.13,Debit,Memphis,Online,68.0,0
224.19,Debit,Houston,ATM,52.0,1
214.83,Credit,Tucson,ATM,23.0,0
163.46,Credit,Baltimore,Branch,63.0,1
194.99,Debit,Jacksonville,Branch,34.0,1
23.4,Debit,El Paso,ATM,46.0,1
227.5,Debit,Sacramento,Online,34.0,0
259.9,Debit,Oklahoma City,Online,26.0,0
59.51,Credit,Dallas,Online,36.0,1
50.63,Debit,Columbus,Online,64.0,1
1074.95,Debit,Jacksonville,Branch,20.0,1
112.94,Credit,San Antonio,Online,73.0,0
11.81,Debit,Phoenix,ATM,21.0,0
329.14,Debit,Sacramento,Branch,55.0,0
154.24,Debit,Mesa,ATM,61.0,0
233.44,Debit,Chicago,Online,20.0,1
141.8,Debit,Chicago,ATM,18.0,1
209.03,Debit,Detroit,Branch,55.0,1
1137.63,Debit,Baltimore,ATM,26.0,1
261.14,Debit,San Antonio,ATM,42.0,0
101.81,Debit,Fort Worth,ATM,45.0,1
98.71,Debit,Fort Worth,ATM,32.0,1
87.38,Debit,Atlanta,Branch,21.0,1
83.39,Debit,Omaha,Branch,32.0,0
267.55,Debit,Charlotte,Online,46.0,1
870.05,Debit,El Paso,ATM,29.0,1
154.32,Credit,Tucson,ATM,38.0,0
164.51,Debit,Louisville,Branch,78.0,0
758.12,Debit,San Francisco,ATM,69.0,0
103.76,Debit,Kansas City,Online,28.0,1
583.92,Debit,Kansas City,Online,55.0,1
204.06,Debit,Washington,Online,77.0,0
53.51,Debit,New York,Online,56.0,0
1108.46,Debit,Los Angeles,Branch,30.0,1
52.95,Credit,Charlotte,Online,68.0,1
120.17,Debit,Portland,ATM,49.0,0
220.8,Debit,Indianapolis,Online,31.0,1
119.01,Debit,Philadelphia,ATM,45.0,0
183.32,Debit,Raleigh,ATM,21.0,0
858.88,Debit,Jacksonville,Online,60.0,1
11.46,Credit,San Francisco,Online,41.0,0
61.37,Debit,Columbus,Branch,75.0,1
103.08,Credit,Milwaukee,Branch,49.0,0
1.2100000000000002,Debit,Atlanta,Branch,55.0,1
425.18,Credit,Colorado Springs,Online,26.0,1
60.96,Debit,Colorado Springs,ATM,52.0,1
64.21,Debit,Omaha,ATM,51.0,0
523.02,Debit,Jacksonville,Online,53.0,1
50.26,Debit,Las Vegas,Branch,65.0,1
110.08,Debit,Detroit,Branch,19.0,1
54.47,Credit,Philadelphia,Branch,23.0,0
79.76,Debit,Kansas City,Online,68.0,1
16.79,Credit,Detroit,Online,30.0,1
1531.31,Debit,San Diego,Online,18.0,0
68.62,Debit,Omaha,Branch,29.0,0
157.16,Debit,New York,Branch,20.0,0
643.38,Credit,Detroit,Online,18.0,1
328.34,Credit,San Diego,Online,42.0,0
72.68,Debit,Seattle,Online,69.0,0
354.76,Debit,Detroit,Branch,51.0,1
793.88,Credit,Los Angeles,ATM,22.0,1
29.22,Debit,Detroit,ATM,27.0,1
653.97,Debit,Miami,Online,37.0,0
366.43,Credit,Portland,Online,21.0,0
120.86,Debit,Colorado Springs,Online,33.0,1
233.74,Debit,Boston,Online,72.0,1
471.84,Debit,Raleigh,ATM,18.0,0
213.4,Credit,Fort Worth,Branch,73.0,1
254.20999999999998,Debit,Phoenix,ATM,48.0,0
577.73,Debit,San Jose,ATM,37.0,0
170.26,Debit,Chicago,ATM,27.0,1
337.73,Debit,San Antonio,Online,78.0,0
330.61,Credit,Nashville,Branch,64.0,0
132.33,Credit,Phoenix,ATM,35.0,0
672.74,Credit,Colorado Springs,Branch,46.0,1
74.04,Debit,Memphis,Online,18.0,0
197.18,Debit,Tucson,Online,28.0,0
21.15,Debit,Columbus,Branch,70.0,1
218.37,Debit,Houston,ATM,62.0,1
590.01,Debit,San Jose,Online,29.0,0
697.82,Debit,New York,Online,44.0,0
302.76,Debit,Sacramento,ATM,38.0,0
148.0,Debit,Tucson,Branch,20.0,0
22.26,Debit,San Antonio,Branch,19.0,0
0.86,Debit,Colorado Springs,ATM,25.0,1
757.1,Debit,Atlanta,Branch,65.0,1
38.81,Credit,Virginia Beach,Online,25.0,0
76.51,Credit,Mesa,Online,49.0,0
32.46,Debit,Charlotte,Online,31.0,1
1022.7499999999999,Credit,San Jose,Branch,62.0,0
20.64,Debit,Charlotte,Branch,22.0,1
662.11,Debit,Atlanta,Branch,23.0,1
288.77,Debit,Los Angeles,ATM,55.0,1
35.05,Debit,Boston,Branch,30.0,1
214.73,Credit,Los Angeles,ATM,46.0,1
25.38,Debit,Louisville,Branch,57.0,0
617.66,Debit,Memphis,ATM,41.0,0
446.39,Debit,Houston,ATM,63.0,1
377.92,Debit,Raleigh,Branch,33.0,0
11.04,Debit,Phoenix,Online,30.0,0
275.46,Debit,Fort Worth,ATM,36.0,1
179.76,Debit,Philadelphia,Online,78.0,0
32.34,Debit,Kansas City,Branch,44.0,1
273.92,Debit,Portland,Branch,79.0,0
375.45,Debit,Fort Worth,Branch,19.0,1
388.98,Debit,Fresno,ATM,23.0,1
492.84,Debit,Indianapolis,ATM,25.0,1
148.85,Debit,Mesa,ATM,57.0,0
119.95,Credit,Philadelphia,Branch,62.0,0
391.66,Debit,Fresno,Branch,50.0,1
185.99,Credit,Fresno,Branch,41.0,1
322.48,Debit,Jacksonville,ATM,27.0,1
20.27,Debit,Miami,Branch,18.0,0
280.61,Debit,Mesa,ATM,47.0,0
199.02,Debit,Houston,ATM,61.0,1
104.23,Credit,Louisville,Online,63.0,0
353.59,Credit,New York,Branch,52.0,0
55.86,Debit,Seattle,Online,39.0,0
10.77,Debit,Indianapolis,ATM,31.0,1
95.55,Debit,Louisville,Branch,33.0,0
477.07,Debit,Columbus,Online,27.0,1
9.1,Credit,San Francisco,Online,52.0,0
21.41,Debit,Louisville,Online,57.0,0
278.28,Debit,Jacksonville,Branch,28.0,1
388.1,Credit,Los Angeles,Online,73.0,1
215.39,Debit,Detroit,ATM,27.0,1
194.37,Debit,Milwaukee,ATM,66.0,0
37.7,Debit,Miami,ATM,20.0,0
19.59,Debit,Charlotte,Branch,64.0,1
81.35,Debit,Houston,Online,41.0,1
314.54,Credit,Virginia Beach,Branch,58.0,0
466.64,Debit,Las Vegas,ATM,58.0,1
397.01,Debit,Los Angeles,ATM,22.0,1
472.48,Debit,New York,Branch,55.0,0
67.15,Debit,Indianapolis,Online,59.0,1
102.67,Debit,Albuquerque,Branch,79.0,1
460.09,Credit,Fresno,Online,35.0,1
453.49,Debit,Seattle,Branch,66.0,0
267.17,Debit,Seattle,ATM,26.0,0
111.26,Debit,Boston,ATM,66.0,1
121.17000000000002,Debit,Phoenix,ATM,68.0,0
213.28,Debit,Mesa,Branch,51.0,0
187.88,Debit,Nashville,ATM,60.0,0
471.88,Credit,San Jose,Online,34.0,0
83.79,Debit,Nashville,ATM,57.0,0
212.14,Debit,Austin,Branch,72.0,1
99.16,Debit,San Francisco,Online,79.0,0
839.33,Credit,Louisville,Branch,60.0,0
29.91,Credit,Philadelphia,Online,76.0,0
4.24,Debit,San Diego,Online,38.0,0
50.29,Credit,Raleigh,Online,58.0,0
135.85,Debit,Fresno,Online,57.0,1
368.53,Debit,Raleigh,Branch,68.0,0
17.95,Credit,Sacramento,Branch,64.0,0
127.8,Credit,Virginia Beach,Branch,31.0,0
16.73,Debit,Houston,Online,45.0,1
317.12,Debit,Fort Worth,Branch,44.0,1
476.63,Debit,Charlotte,ATM,79.0,1
156.58,Debit,Portland,Branch,24.0,0
55.12,Credit,Houston,Online,34.0,1
15.74,Debit,Denver,Branch,27.0,1
353.68,Debit,Las Vegas,Online,70.0,1
297.15,Debit,Phoenix,Online,76.0,0
647.85,Debit,Omaha,Branch,36.0,0
75.04,Debit,El Paso,ATM,49.0,1
273.92,Debit,Virginia Beach,Online,28.0,0
215.8,Credit,Jacksonville,Branch,51.0,1
963.77,Debit,Louisville,ATM,41.0,0
420.6,Debit,Louisville,Branch,26.0,0
688.36,Credit,Memphis,Branch,23.0,0
285.18,Credit,Sacramento,Branch,55.0,0
213.55,Debit,Boston,ATM,63.0,1
463.11,Credit,Las Vegas,Branch,51.0,1
150.03,Debit,Columbus,ATM,73.0,1
428.61,Debit,Fresno,Branch,51.0,1
309.56,Debit,Charlotte,Online,58.0,1
377.08,Credit,Mesa,Branch,26.0,0
77.25,Debit,Virginia Beach,Branch,68.0,0
146.92,Debit,Portland,ATM,64.0,0
126.6,Debit,San Antonio,Branch,22.0,0
101.34,Debit,Boston,ATM,24.0,1
184.97,Debit,Denver,Branch,58.0,1
451.15,Debit,Colorado Springs,ATM,46.0,1
516.47,Credit,Charlotte,ATM,25.0,1
880.04,Debit,Sacramento,ATM,25.0,0
353.69,Debit,San Jose,Online,59.0,0
66.69,Credit,San Antonio,Branch,25.0,0
95.75,Debit,Los Angeles,Branch,31.0,1
43.91,Debit,Albuquerque,Online,27.0,1
98.03,Debit,El Paso,Branch,54.0,1
617.66,Debit,Boston,ATM,42.0,1
888.57,Debit,San Antonio,Online,62.0,0
107.48,Debit,Omaha,Branch,22.0,0
36.57,Debit,Omaha,ATM,62.0,0
575.62,Debit,Oklahoma City,Online,43.0,0
84.89,Debit,San Jose,ATM,37.0,0
832.3,Credit,Austin,Branch,69.0,1
180.65,Debit,Charlotte,Branch,22.0,1
7.759999999999999,Credit,Las Vegas,Online,52.0,1
109.3,Debit,Fort Worth,Branch,56.0,1
230.08,Debit,Austin,Online,79.0,1
361.92,Debit,Detroit,ATM,54.0,1
71.29,Debit,Chicago,ATM,68.0,1
122.44999999999999,Debit,New York,Branch,46.0,0
642.53,Debit,Mesa,ATM,65.0,0
62.86000000000001,Debit,Houston,Branch,25.0,1
175.21,Credit,Mesa,ATM,69.0,0
168.0,Credit,Tucson,Branch,32.0,0
11.46,Debit,Chicago,Online,67.0,1
382.07,Credit,Omaha,Branch,62.0,0
13.48,Debit,Las Vegas,Online,18.0,1
65.32,Debit,Mesa,ATM,28.0,0
83.07,Debit,Miami,Branch,27.0,0
730.1,Credit,Chicago,Branch,77.0,1
85.31,Debit,Kansas City,ATM,62.0,1
726.61,Debit,Phoenix,ATM,18.0,0
130.4,Debit,Raleigh,Branch,45.0,0
68.1,Debit,Milwaukee,ATM,20.0,0
65.26,Debit,Sacramento,Branch,26.0,0
191.62,Debit,Jacksonville,Branch,63.0,1
212.88,Debit,Fresno,Online,39.0,1
88.38,Debit,Virginia Beach,ATM,30.0,0
48.77,Credit,Austin,Online,42.0,1
289.1,Debit,Baltimore,ATM,27.0,1
390.09,Debit,El Paso,Online,26.0,1
48.29,Debit,San Diego,Online,37.0,0
333.83,Debit,Fresno,ATM,63.0,1
1074.29,Debit,Portland,Branch,67.0,0
100.27,Debit,Miami,Online,79.0,0
44.54,Debit,San Antonio,ATM,31.0,0
1156.18,Credit,Phoenix,Online,52.0,0
82.17,Debit,Fort Worth,Branch,28.0,1
1045.45,Debit,Baltimore,Online,19.0,1
447.42,Debit,Charlotte,Online,32.0,1
590.26,Credit,Austin,Branch,25.0,1
192.73,Debit,Milwaukee,Branch,71.0,0
146.01,Debit,San Francisco,Online,26.0,0
136.05,Debit,Atlanta,Online,24.0,1
11.57,Credit,New York,Branch,56.0,0
102.34,Debit,San Antonio,Online,51.0,0
7.820000000000001,Debit,Boston,ATM,36.0,1
79.43,Debit,Dallas,ATM,74.0,1
386.97,Debit,Raleigh,Branch,58.0,0
51.22,Debit,Fresno,Branch,23.0,1
256.05,Debit,Nashville,ATM,54.0,0
7.79,Debit,Los Angeles,Branch,34.0,1
233.71,Debit,Louisville,Branch,63.0,0
176.37,Debit,Boston,Branch,55.0,1
122.62999999999998,Debit,Milwaukee,Branch,21.0,0
86.41,Debit,Fresno,ATM,75.0,1
21.57,Debit,San Francisco,ATM,54.0,0
82.67,Debit,Milwaukee,Branch,26.0,0
451.35,Credit,Baltimore,Branch,47.0,1
299.42,Credit,San Jose,Branch,63.0,0
543.47,Debit,Los Angeles,ATM,18.0,1
346.76,Credit,San Jose,Branch,21.0,0
47.48,Debit,El Paso,Branch,24.0,1
64.92,Debit,Atlanta,Branch,58.0,1
350.72,Credit,Fresno,ATM,28.0,1
3.8000000000000003,Debit,Charlotte,Online,65.0,1
22.54,Debit,El Paso,Online,26.0,1
767.14,Credit,Mesa,Branch,62.0,0
167.47,Debit,Sacramento,ATM,35.0,0
43.65,Credit,Charlotte,Branch,30.0,1
391.08,Debit,Fresno,Online,56.0,1
390.77,Debit,Portland,Online,44.0,0
508.15999999999997,Debit,Mesa,ATM,39.0,0
36.76,Credit,Philadelphia,Online,65.0,0
332.33,Debit,Kansas City,ATM,27.0,1
362.09,Debit,New York,Branch,32.0,0
42.58,Debit,San Jose,Online,30.0,0
122.35,Credit,Atlanta,Branch,53.0,1
248.65999999999997,Debit,Chicago,Online,28.0,1
461.25,Credit,Sacramento,Online,54.0,0
61.77000000000001,Debit,Charlotte,Branch,56.0,1
268.92,Debit,Chicago,Branch,29.0,1
303.97,Debit,Fort Worth,Online,24.0,1
219.02,Credit,San Diego,Online,54.0,0
125.14,Debit,Baltimore,Branch,20.0,1
47.6,Debit,Austin,Online,53.0,1
592.82,Debit,Memphis,Online,74.0,0
372.5,Debit,Nashville,ATM,22.0,0
4.72,Debit,Fort Worth,Branch,32.0,1
144.93,Debit,Fresno,Branch,42.0,1
316.56,Debit,Denver,Online,28.0,1
9.18,Debit,San Francisco,Online,22.0,0
421.25,Debit,Fort Worth,Online,25.0,1
185.71,Debit,Virginia Beach,Branch,48.0,0
1432.02,Debit,Louisville,Branch,60.0,0
26.27,Credit,Portland,Online,45.0,0
297.03,Debit,Austin,Online,61.0,1
341.67,Debit,Omaha,Branch,53.0,0
99.52,Debit,San Diego,ATM,52.0,0
881.1,Debit,Phoenix,Branch,28.0,0
139.69,Debit,Indianapolis,Online,52.0,1
42.72,Debit,Nashville,ATM,37.0,0
112.72,Debit,Washington,Branch,31.0,0
568.88,Debit,Nashville,Branch,19.0,0
189.03,Debit,Oklahoma City,ATM,28.0,0
199.8,Debit,Detroit,ATM,20.0,1
189.08,Debit,Miami,Branch,68.0,0
958.9,Debit,Memphis,Branch,31.0,0
409.59,Debit,Albuquerque,Online,35.0,1
349.34,Credit,Indianapolis,ATM,28.0,1
283.15,Debit,Baltimore,Online,24.0,1
151.82,Debit,Chicago,ATM,51.0,1
438.59,Debit,San Jose,Online,37.0,0
590.57,Debit,Milwaukee,ATM,79.0,0
63.74,Debit,Chicago,Online,63.0,1
77.02,Credit,Miami,Online,59.0,0
501.15,Debit,Phoenix,Branch,47.0,0
917.81,Debit,Kansas City,ATM,64.0,1
8.95,Debit,Oklahoma City,Online,76.0,0
173.6,Debit,Austin,Online,21.0,1
149.4,Debit,Chicago,ATM,53.0,1
388.21,Credit,Columbus,Branch,53.0,1
484.3,Credit,Boston,Online,61.0,1
126.04,Credit,Charlotte,Branch,65.0,1
52.04,Credit,Colorado Springs,Branch,50.0,1
389.7,Credit,Austin,Branch,62.0,1
161.1,Credit,Miami,ATM,19.0,0
309.77,Credit,San Antonio,Online,67.0,0
838.57,Debit,Phoenix,ATM,41.0,0
202.55,Debit,Dallas,ATM,21.0,1
724.18,Debit,Fort Worth,Branch,41.0,1
124.98,Debit,Washington,ATM,24.0,0
487.32,Debit,Kansas City,Branch,52.0,1
635.91,Credit,Jacksonville,Branch,46.0,1
205.65,Debit,Houston,Branch,62.0,1
39.41,Debit,Louisville,Branch,25.0,0
254.00000000000003,Debit,Nashville,Branch,35.0,0
436.8,Debit,Houston,Branch,36.0,1
224.73,Debit,Miami,Branch,76.0,0
752.69,Credit,Dallas,ATM,65.0,1
78.5,Credit,San Jose,Branch,31.0,0
50.0,Credit,Jacksonville,ATM,53.0,1
132.42,Debit,Denver,ATM,18.0,1
11.67,Debit,Fort Worth,Branch,76.0,1
83.16,Debit,Los Angeles,ATM,61.0,1
149.02,Credit,Fort Worth,Branch,46.0,1
74.27,Credit,Memphis,Online,59.0,0
876.57,Credit,Portland,ATM,62.0,0
615.58,Debit,Jacksonville,ATM,42.0,1
643.03,Credit,Jacksonville,Online,36.0,1
7.950000000000001,Debit,Phoenix,ATM,79.0,0
270.92,Credit,Louisville,Branch,77.0,0
499.47999999999996,Debit,Charlotte,ATM,24.0,1
841.5,Credit,Atlanta,Branch,25.0,1
138.82,Debit,Fort Worth,Online,77.0,1
231.46,Credit,Miami,Branch,60.0,0
292.08,Debit,Columbus,ATM,72.0,1
63.98,Debit,Baltimore,Online,54.0,1
235.21,Debit,Boston,Branch,67.0,1
201.73,Debit,Baltimore,Online,57.0,1
161.31,Debit,Nashville,ATM,28.0,0
18.41,Debit,Atlanta,Branch,53.0,1
471.75,Credit,San Jose,Branch,34.0,0
290.02,Debit,Milwaukee,Branch,55.0,0
48.05,Debit,New York,Branch,27.0,0
359.42,Debit,Baltimore,Branch,55.0,1
32.91,Debit,Fort Worth,Online,19.0,1
3.8000000000000003,Debit,Denver,Branch,67.0,1
31.81,Debit,Fort Worth,Online,51.0,1
220.2,Debit,Boston,Online,28.0,1
476.03,Credit,Houston,Branch,77.0,1
141.91,Debit,Miami,Branch,23.0,0
95.83,Debit,Washington,Online,27.0,0
51.15,Credit,Los Angeles,Branch,46.0,1
1192.2,Credit,Jacksonville,Branch,60.0,1
50.75,Debit,Boston,ATM,62.0,1
185.07,Debit,Colorado Springs,Branch,22.0,1
293.54,Debit,Sacramento,Online,40.0,0
23.38,Debit,Memphis,Branch,32.0,0
285.26,Debit,Atlanta,ATM,28.0,1
129.48,Debit,Seattle,ATM,31.0,0
743.03,Debit,New York,ATM,50.0,0
297.86,Credit,Milwaukee,ATM,28.0,0
231.92,Debit,Indianapolis,ATM,66.0,1
295.82,Credit,Chicago,Branch,47.0,1
302.86,Debit,Los Angeles,Online,55.0,1
81.08,Debit,Omaha,ATM,58.0,0
775.6,Credit,Mesa,Branch,79.0,0
178.43,Debit,Baltimore,Branch,26.0,1
211.91,Debit,Indianapolis,Online,20.0,1
17.21,Debit,Omaha,Online,23.0,0
124.22,Debit,Charlotte,ATM,23.0,1
38.37,Debit,San Antonio,ATM,63.0,0
269.79,Debit,San Jose,ATM,52.0,0
605.42,Debit,Mesa,ATM,21.0,0
11.19,Debit,Austin,ATM,60.0,1
29.19,Credit,Nashville,Branch,58.0,0
701.7,Credit,Seattle,Online,61.0,0
862.34,Debit,Kansas City,Branch,57.0,1
410.97,Debit,Los Angeles,ATM,22.0,1
36.97,Debit,Virginia Beach,Branch,41.0,0
137.59,Debit,Nashville,ATM,30.0,0
168.11,Credit,New York,Online,51.0,0
430.98,Debit,Baltimore,Branch,24.0,1
13.87,Debit,Phoenix,Branch,24.0,0
642.68,Debit,Jacksonville,ATM,76.0,1
175.07,Debit,Las Vegas,Online,28.0,1
302.82,Debit,Jacksonville,ATM,36.0,1
1647.74,Debit,Louisville,ATM,67.0,0
406.81,Debit,New York,Online,66.0,0
256.3,Debit,New York,Online,53.0,0
80.96,Credit,Jacksonville,Online,19.0,1
95.78,Debit,Atlanta,Online,22.0,1
379.54,Credit,Indianapolis,Branch,41.0,1
903.19,Debit,El Paso,Online,22.0,1
142.19,Debit,Houston,Branch,18.0,1
847.45,Debit,Jacksonville,Branch,28.0,1
295.18,Credit,Dallas,Branch,66.0,1
18.46,Debit,Charlotte,Branch,68.0,1
603.23,Debit,Detroit,Branch,28.0,1
54.5,Credit,Philadelphia,Branch,57.0,0
414.77,Debit,San Francisco,Online,29.0,0
886.19,Debit,Colorado Springs,Branch,61.0,1
440.03,Debit,San Jose,Online,49.0,0
35.46,Debit,Nashville,ATM,56.0,0
76.39,Debit,Denver,Branch,18.0,1
595.91,Credit,San Antonio,ATM,19.0,0
6.03,Debit,Chicago,Branch,76.0,1
249.34,Debit,Charlotte,ATM,26.0,1
421.52,Debit,San Jose,Branch,20.0,0
189.77,Debit,Raleigh,Branch,58.0,0
73.19,Debit,Atlanta,Branch,76.0,1
188.13,Credit,Jacksonville,Online,75.0,1
30.52,Debit,Jacksonville,Branch,62.0,1
1235.69,Credit,San Jose,Branch,20.0,0
1159.39,Debit,Oklahoma City,Online,41.0,0
170.24,Debit,San Francisco,Branch,62.0,0
56.62,Debit,Austin,Branch,54.0,1
53.14,Debit,Las Vegas,ATM,34.0,1
587.23,Debit,Omaha,Online,27.0,0
146.15,Debit,Phoenix,Branch,43.0,0
21.27,Credit,Indianapolis,Online,62.0,1
1397.59,Credit,Austin,ATM,26.0,1
76.02,Credit,Albuquerque,Online,34.0,1
170.19,Credit,Los Angeles,Branch,27.0,1
155.51,Debit,Raleigh,ATM,68.0,0
135.15,Debit,Colorado Springs,Online,72.0,1
39.48,Debit,Omaha,ATM,56.0,0
451.68,Debit,Houston,Online,33.0,1
19.11,Credit,Colorado Springs,Online,49.0,1
355.0,Credit,Fort Worth,Online,26.0,1
427.69,Debit,Raleigh,ATM,43.0,0
254.86,Debit,Boston,Branch,23.0,1
19.48,Debit,Dallas,ATM,27.0,1
190.17,Debit,Baltimore,ATM,49.0,1
91.38,Debit,Jacksonville,ATM,65.0,1
206.63,Credit,Oklahoma City,Online,59.0,0
93.22,Debit,Charlotte,Online,52.0,1
547.98,Debit,Oklahoma City,ATM,28.0,0
641.06,Debit,Colorado Springs,ATM,23.0,1
314.55,Credit,Dallas,Branch,27.0,1
836.45,Debit,Virginia Beach,Online,61.0,0
1095.09,Debit,San Francisco,ATM,29.0,0
189.45,Credit,Boston,Branch,53.0,1
91.84,Credit,Mesa,Branch,67.0,0
609.52,Debit,Washington,ATM,78.0,0
859.3,Credit,Colorado Springs,Branch,78.0,1
100.01,Debit,Philadelphia,ATM,50.0,0
28.78,Credit,Tucson,Online,40.0,0
111.08,Debit,Chicago,Online,70.0,1
470.96,Credit,Indianapolis,Online,69.0,1
52.23,Credit,San Francisco,Branch,28.0,0
78.62,Debit,Oklahoma City,Branch,32.0,0
47.79,Debit,Denver,Branch,25.0,1
333.97,Debit,Fresno,Branch,52.0,1
30.87,Debit,Fresno,ATM,33.0,1
710.43,Debit,San Diego,Online,67.0,0
220.23,Debit,Milwaukee,ATM,41.0,0
27.28,Debit,Atlanta,ATM,29.0,1
101.52,Debit,Tucson,ATM,49.0,0
162.65,Debit,New York,ATM,59.0,0
10.52,Debit,Kansas City,ATM,55.0,1
270.72,Debit,Los Angeles,Branch,38.0,1
202.34,Debit,New York,Online,20.0,0
247.58,Debit,San Antonio,ATM,39.0,0
686.17,Debit,Denver,ATM,61.0,1
359.65,Credit,Jacksonville,Online,25.0,1
109.91,Debit,Seattle,Branch,38.0,0
215.72,Credit,Columbus,Branch,30.0,1
490.76,Debit,Columbus,Online,66.0,1
224.28,Debit,Chicago,Online,64.0,1
614.03,Debit,Dallas,ATM,68.0,1
608.79,Debit,Fort Worth,Online,55.0,1
186.55,Debit,Philadelphia,Branch,48.0,0
840.16,Credit,Colorado Springs,Branch,20.0,1
203.34,Debit,Phoenix,ATM,60.0,0
90.88,Debit,Colorado Springs,ATM,26.0,1
60.11,Credit,Albuquerque,Branch,61.0,1
393.92,Debit,Memphis,Branch,72.0,0
19.39,Debit,Colorado Springs,ATM,43.0,1
557.41,Credit,Washington,Online,80.0,0
57.07,Credit,Boston,Online,31.0,1
395.27,Credit,Miami,Online,18.0,0
289.05,Debit,New York,ATM,75.0,0
46.11,Debit,San Francisco,Online,33.0,0
335.5,Debit,Sacramento,ATM,63.0,0
388.07,Debit,Seattle,Online,24.0,0
520.86,Credit,Sacramento,Online,51.0,0
787.41,Debit,Memphis,Online,25.0,0
31.699999999999996,Credit,Raleigh,ATM,48.0,0
22.3,Debit,Philadelphia,ATM,21.0,0
203.12,Debit,San Jose,ATM,56.0,0
315.94,Credit,Raleigh,Branch,49.0,0
192.23,Debit,Albuquerque,Online,54.0,1
1510.71,Debit,Oklahoma City,Online,66.0,0
0.26,Debit,Oklahoma City,Online,20.0,0
210.77,Debit,Mesa,ATM,71.0,0
406.65,Debit,Mesa,ATM,57.0,0
422.9,Debit,Tucson,ATM,40.0,0
20.62,Credit,Philadelphia,ATM,35.0,0
174.39,Debit,San Francisco,ATM,19.0,0
7.859999999999999,Credit,Sacramento,Branch,76.0,0
61.98,Debit,Denver,Online,49.0,1
54.85,Credit,San Francisco,Branch,58.0,0
204.7,Debit,Oklahoma City,Branch,49.0,0
16.55,Debit,Tucson,Branch,26.0,0
91.32,Debit,Milwaukee,Branch,58.0,0
195.49,Debit,Memphis,ATM,31.0,0
49.62,Debit,Portland,ATM,55.0,0
487.16,Credit,Los Angeles,Branch,28.0,1
405.6,Debit,Tucson,Online,37.0,0
512.95,Debit,Columbus,Branch,57.0,1
345.94,Debit,Portland,ATM,31.0,0
356.56,Debit,New York,Online,47.0,0
10.31,Debit,Louisville,Online,36.0,0
211.69,Debit,Atlanta,Branch,30.0,1
221.49,Credit,Oklahoma City,Branch,23.0,0
278.23,Debit,Fresno,Online,48.0,1
116.88,Debit,Memphis,ATM,45.0,0
328.77,Credit,San Diego,Online,39.0,0
77.53,Debit,Louisville,Branch,54.0,0
421.74,Debit,San Jose,Online,67.0,0
313.69,Debit,Oklahoma City,Branch,73.0,0
411.72,Debit,Washington,Branch,29.0,0
508.73,Debit,Chicago,Branch,59.0,1
153.08,Debit,Omaha,ATM,24.0,0
23.01,Debit,Las Vegas,Branch,63.0,1
69.28,Debit,Los Angeles,Online,25.0,1
51.25,Credit,Austin,Branch,28.0,1
407.65,Debit,Denver,ATM,25.0,1
459.25,Debit,Tucson,Branch,25.0,0
301.56,Debit,Seattle,Branch,49.0,0
17.67,Debit,San Diego,Online,63.0,0
5.29,Credit,San Francisco,Online,32.0,0
401.37,Debit,Los Angeles,Branch,43.0,1
145.4,Debit,Tucson,Online,38.0,0
556.34,Debit,Seattle,Online,37.0,0
34.31,Debit,Philadelphia,ATM,24.0,0
780.59,Credit,Tucson,Online,23.0,0
282.65,Debit,Fort Worth,ATM,35.0,1
305.27,Debit,Las Vegas,Online,68.0,1
185.81,Debit,Austin,Online,32.0,1
66.01,Debit,Milwaukee,Online,49.0,0
447.95,Debit,Tucson,Branch,29.0,0
279.3,Debit,Oklahoma City,ATM,19.0,0
26.75,Debit,Indianapolis,Online,33.0,1
611.15,Debit,Detroit,ATM,27.0,1
275.2,Debit,New York,Online,54.0,0
427.79,Debit,San Jose,Branch,18.0,0
469.13,Credit,San Antonio,ATM,54.0,0
102.81,Debit,Seattle,Branch,76.0,0
22.61,Debit,Seattle,Online,19.0,0
68.28,Debit,Boston,Online,56.0,1
33.65,Credit,New York,Online,63.0,0
362.68,Credit,Miami,ATM,63.0,0
73.23,Debit,San Francisco,Branch,20.0,0
654.49,Credit,Austin,Online,25.0,1
18.56,Credit,Memphis,Branch,49.0,0
389.05,Debit,Dallas,ATM,27.0,1
7.38,Debit,Houston,Online,67.0,1
109.48,Debit,Baltimore,Online,61.0,1
66.91,Debit,Seattle,ATM,39.0,0
335.48,Debit,Oklahoma City,Branch,45.0,0
38.14,Debit,Albuquerque,Online,19.0,1
1076.98,Debit,Detroit,Branch,60.0,1
360.02,Debit,Dallas,Online,68.0,1
567.71,Debit,Memphis,Online,63.0,0
218.19,Debit,Austin,ATM,19.0,1
209.99,Debit,Denver,ATM,19.0,1
11.02,Debit,Tucson,Branch,19.0,0
83.43,Debit,New York,Online,56.0,0
344.97,Debit,Austin,Online,34.0,1
172.29,Debit,El Paso,ATM,36.0,1
195.54,Debit,Omaha,Online,60.0,0
101.23,Debit,Colorado Springs,Online,45.0,1
180.46,Debit,Fresno,ATM,25.0,1
692.55,Debit,Charlotte,Branch,53.0,1
147.31,Credit,Mesa,Online,34.0,0
107.48,Debit,Los Angeles,Branch,20.0,1
1831.02,Credit,Columbus,Online,62.0,1
81.51,Debit,Washington,Branch,25.0,0
365.48,Credit,Seattle,Online,76.0,0
491.1,Credit,Houston,Online,35.0,1
452.8,Debit,Los Angeles,Branch,80.0,1
645.04,Debit,Memphis,Branch,70.0,0
169.28,Debit,Philadelphia,Branch,45.0,0
88.42,Debit,El Paso,ATM,62.0,1
155.53,Debit,Baltimore,ATM,29.0,1
991.8200000000002,Debit,Milwaukee,Online,43.0,0
39.24,Debit,Dallas,ATM,77.0,1
152.01,Debit,Fort Worth,ATM,42.0,1
78.77,Credit,Las Vegas,ATM,48.0,1
26.5,Debit,Indianapolis,Online,48.0,1
83.62,Debit,Raleigh,ATM,48.0,0
142.78,Debit,San Diego,Branch,68.0,0
55.99,Debit,El Paso,ATM,35.0,1
774.48,Debit,Louisville,Branch,61.0,0
105.37,Debit,Sacramento,ATM,25.0,0
118.83,Debit,Virginia Beach,Online,28.0,0
46.22,Debit,San Jose,Branch,23.0,0
659.71,Credit,San Jose,Branch,21.0,0
377.97,Debit,Miami,Online,72.0,0
114.1,Debit,Boston,Branch,69.0,1
11.3,Credit,Louisville,Online,55.0,0
95.5,Debit,Omaha,Online,57.0,0
130.93,Credit,Houston,Branch,28.0,1
272.97,Debit,Boston,Online,68.0,1
73.35,Debit,San Francisco,Branch,24.0,0
29.94,Debit,San Francisco,ATM,58.0,0
307.24,Debit,San Jose,ATM,19.0,0
50.52,Debit,Boston,Online,20.0,1
820.46,Credit,Fort Worth,Online,53.0,1
153.07,Debit,Detroit,ATM,56.0,1
52.94,Debit,Tucson,Branch,41.0,0
384.41,Debit,Jacksonville,ATM,60.0,1
235.42,Debit,Phoenix,Branch,51.0,0
114.23,Debit,Dallas,ATM,56.0,1
12.62,Debit,El Paso,Branch,33.0,1
997.37,Debit,Fort Worth,ATM,23.0,1
373.52,Debit,Colorado Springs,ATM,35.0,1
336.05,Debit,San Antonio,Branch,28.0,0
366.93,Debit,Houston,Online,66.0,1
112.27,Debit,Seattle,Branch,58.0,0
494.9599999999999,Debit,Sacramento,ATM,40.0,0
561.58,Debit,Sacramento,Online,65.0,0
440.94,Debit,San Antonio,Online,42.0,0
71.9,Debit,Los Angeles,Branch,29.0,1
256.66,Credit,Raleigh,Online,54.0,0
166.55,Credit,Houston,Branch,59.0,1
276.26,Debit,Louisville,Branch,56.0,0
35.46,Debit,Indianapolis,ATM,67.0,1
38.14,Debit,Portland,Branch,50.0,0
506.25999999999993,Credit,Baltimore,ATM,64.0,1
736.32,Debit,Indianapolis,Online,31.0,1
389.43,Credit,Austin,ATM,52.0,1
25.58,Debit,Omaha,ATM,60.0,0
446.1,Debit,Seattle,ATM,25.0,0
147.74,Debit,Raleigh,Branch,23.0,0
1228.81,Debit,San Francisco,ATM,26.0,0
46.23,Debit,Fresno,Online,77.0,1
265.37,Debit,Washington,Branch,33.0,0
342.57,Debit,Boston,Online,20.0,1
417.26,Credit,New York,Online,32.0,0
33.63,Debit,Columbus,Online,63.0,1
64.58,Debit,El Paso,Branch,55.0,1
23.23,Credit,Miami,Branch,21.0,0
160.52,Credit,Jacksonville,ATM,78.0,1
278.88,Debit,Kansas City,Branch,64.0,1
285.49,Credit,Charlotte,Branch,53.0,1
71.87,Debit,Nashville,ATM,22.0,0
308.8,Debit,Baltimore,ATM,53.0,1
135.35,Debit,Houston,Branch,33.0,1
288.43,Debit,Phoenix,Branch,66.0,0
147.46,Credit,Albuquerque,Online,65.0,1
214.15,Debit,Detroit,Branch,32.0,1
71.34,Debit,Miami,Online,49.0,0
170.36,Debit,Indianapolis,ATM,30.0,1
965.66,Debit,Raleigh,ATM,53.0,0
736.53,Debit,Philadelphia,ATM,55.0,0
213.42,Debit,Columbus,ATM,45.0,1
94.09,Debit,Miami,Branch,27.0,0
91.23,Debit,Boston,ATM,72.0,1
263.92,Credit,San Diego,Branch,57.0,0
77.5,Credit,Fort Worth,Online,51.0,1
3.65,Debit,Miami,Online,69.0,0
43.88,Credit,Seattle,Online,26.0,0
591.98,Debit,El Paso,ATM,28.0,1
224.79,Debit,Boston,Online,18.0,1
64.3,Debit,Louisville,ATM,55.0,0
111.79,Debit,Jacksonville,Online,62.0,1
927.16,Debit,San Francisco,ATM,59.0,0
613.7,Credit,Fort Worth,Branch,61.0,1
26.07,Debit,Baltimore,Branch,20.0,1
170.45,Debit,San Francisco,Branch,60.0,0
344.27,Debit,San Antonio,Branch,22.0,0
872.72,Debit,Washington,Online,22.0,0
292.95,Debit,Memphis,Branch,37.0,0
28.44,Debit,Fresno,ATM,18.0,1
209.02,Debit,El Paso,ATM,21.0,1
20.05,Debit,Chicago,ATM,72.0,1
175.02,Debit,Phoenix,Online,28.0,0
89.5,Credit,Louisville,Branch,41.0,0
69.96,Debit,Baltimore,Branch,28.0,1
146.51,Debit,Albuquerque,ATM,53.0,1
376.78,Credit,Nashville,Online,21.0,0
148.54,Credit,Columbus,Branch,71.0,1
388.77,Credit,Jacksonville,Online,26.0,1
100.38,Debit,Seattle,Branch,63.0,0
137.23,Debit,Fresno,Branch,64.0,1
870.3,Debit,San Jose,ATM,51.0,0
458.94,Debit,Detroit,Branch,52.0,1
327.35,Credit,Memphis,Branch,20.0,0
757.15,Debit,Raleigh,Online,53.0,0
5.64,Debit,Boston,Online,59.0,1
47.23,Credit,Memphis,Online,73.0,0
239.41,Credit,Baltimore,Online,42.0,1
7.48,Debit,San Antonio,ATM,55.0,0
170.97,Debit,Nashville,Branch,26.0,0
262.43,Credit,San Diego,Online,37.0,0
659.15,Debit,Boston,ATM,22.0,1
31.53,Debit,Kansas City,Online,25.0,1
111.66,Credit,Washington,Online,48.0,0
250.01,Debit,Kansas City,ATM,62.0,1
554.15,Debit,Raleigh,ATM,49.0,0
598.66,Credit,Charlotte,Branch,32.0,1
28.38,Debit,Sacramento,Branch,55.0,0
16.8,Debit,San Diego,ATM,49.0,0
896.79,Debit,Dallas,Online,33.0,1
159.0,Debit,Las Vegas,ATM,49.0,1
56.31,Credit,Houston,Online,75.0,1
203.99,Debit,Philadelphia,Online,52.0,0
50.99,Debit,Detroit,Branch,29.0,1
101.28,Credit,Chicago,Online,32.0,1
299.92,Debit,Denver,ATM,27.0,1
77.54,Debit,Phoenix,Online,67.0,0
18.35,Debit,Nashville,Branch,21.0,0
732.53,Credit,San Jose,ATM,26.0,0
65.11,Debit,Nashville,ATM,34.0,0
67.07,Credit,Los Angeles,ATM,24.0,1
137.48,Debit,Seattle,Branch,55.0,0
398.36,Debit,Columbus,ATM,22.0,1
469.46,Debit,New York,ATM,20.0,0
37.58,Debit,Indianapolis,ATM,57.0,1
160.24,Debit,Washington,ATM,31.0,0
315.39,Credit,New York,Branch,23.0,0
434.17,Debit,Atlanta,ATM,21.0,1
165.91,Debit,Jacksonville,ATM,26.0,1
211.36,Debit,San Francisco,Branch,47.0,0
241.45000000000002,Debit,Portland,Online,26.0,0
23.24,Debit,Indianapolis,Branch,68.0,1
70.88,Credit,Omaha,Branch,74.0,0
1143.67,Debit,Atlanta,Online,66.0,1
314.52,Debit,Memphis,ATM,80.0,0
181.81,Credit,Austin,Online,78.0,1
854.64,Debit,Fort Worth,Branch,56.0,1
261.19,Debit,Oklahoma City,ATM,64.0,0
220.68,Credit,Raleigh,Online,71.0,0
11.86,Debit,Sacramento,Branch,31.0,0
122.65000000000002,Debit,Columbus,Online,28.0,1
395.16,Debit,Milwaukee,Online,56.0,0
704.69,Debit,Las Vegas,Online,51.0,1
369.89,Debit,San Antonio,ATM,69.0,0
10.92,Debit,Jacksonville,ATM,67.0,1
199.14,Debit,Seattle,Branch,31.0,0
109.43,Debit,Denver,ATM,70.0,1
304.15,Debit,Atlanta,Branch,20.0,1
620.54,Credit,Omaha,Branch,28.0,0
757.79,Debit,Charlotte,Online,22.0,1
122.81,Debit,San Jose,Branch,52.0,0
96.25,Debit,Houston,Online,61.0,1
1431.33,Debit,Charlotte,ATM,30.0,1
142.55,Debit,Kansas City,Online,67.0,1
35.94,Credit,Fresno,Branch,23.0,1
24.86,Debit,Jacksonville,Branch,58.0,1
103.08,Debit,San Francisco,Online,60.0,0
116.27,Debit,Portland,Online,57.0,0
363.84,Debit,Columbus,Online,73.0,1
34.74,Credit,Portland,Online,59.0,0
64.01,Credit,Philadelphia,Branch,19.0,0
108.75,Debit,Houston,ATM,50.0,1
50.9,Credit,Jacksonville,Online,28.0,1
206.84,Debit,Philadelphia,Branch,20.0,0
37.4,Debit,Raleigh,ATM,20.0,0
154.21,Debit,Miami,Online,46.0,0
199.37,Debit,Chicago,Online,24.0,1
410.49,Credit,Atlanta,Branch,25.0,1
1360.01,Credit,Phoenix,Branch,67.0,0
18.23,Debit,Nashville,ATM,56.0,0
398.7,Debit,Albuquerque,ATM,47.0,1
122.14,Debit,Omaha,Online,22.0,0
378.2,Debit,Mesa,Branch,40.0,0
124.74,Debit,Los Angeles,ATM,49.0,1
17.1,Debit,Albuquerque,ATM,53.0,1
287.05,Debit,Milwaukee,ATM,22.0,0
874.72,Debit,San Francisco,Online,28.0,0
1762.28,Debit,Memphis,ATM,24.0,0
40.12,Credit,Dallas,ATM,36.0,1
125.00000000000001,Credit,Indianapolis,Online,49.0,1
348.44,Debit,Baltimore,Online,24.0,1
128.4,Debit,Tucson,ATM,69.0,0
320.93,Debit,Atlanta,Online,55.0,1
1.41,Debit,Sacramento,ATM,53.0,0
50.52,Debit,Los Angeles,Branch,54.0,1
383.95,Credit,San Diego,Online,31.0,0
12.94,Debit,Fresno,Branch,23.0,1
329.75,Debit,Sacramento,Online,56.0,0
981.76,Debit,Milwaukee,Online,45.0,0
40.79,Debit,Milwaukee,ATM,18.0,0
99.25,Credit,Phoenix,Online,63.0,0
150.6,Debit,Miami,ATM,69.0,0
29.5,Debit,San Antonio,Online,73.0,0
54.34,Debit,Albuquerque,ATM,65.0,1
18.25,Debit,Kansas City,ATM,53.0,1
633.87,Debit,Kansas City,Online,27.0,1
81.15,Debit,Miami,ATM,19.0,0
83.95,Debit,New York,Online,75.0,0
410.4,Credit,Virginia Beach,ATM,61.0,0
172.68,Debit,Baltimore,ATM,33.0,1
139.88,Debit,Colorado Springs,ATM,34.0,1
165.55,Debit,Dallas,Branch,28.0,1
53.79,Credit,Philadelphia,ATM,54.0,0
285.69,Debit,Miami,ATM,63.0,0
532.4,Debit,Jacksonville,ATM,22.0,1
293.85,Debit,Charlotte,Online,25.0,1
27.94,Debit,Atlanta,Branch,79.0,1
270.36,Debit,Oklahoma City,ATM,25.0,0
112.66,Debit,Philadelphia,Online,29.0,0
506.03000000000003,Debit,Detroit,Branch,21.0,1
206.95,Debit,Seattle,Branch,22.0,0
350.96,Debit,Tucson,ATM,63.0,0
261.63,Debit,Chicago,Branch,20.0,1
46.12,Debit,Fresno,Branch,59.0,1
27.25,Credit,Kansas City,Branch,63.0,1
1353.93,Debit,El Paso,Branch,26.0,1
331.66,Debit,Las Vegas,ATM,76.0,1
667.95,Credit,Oklahoma City,ATM,62.0,0
49.84,Debit,Chicago,ATM,49.0,1
556.04,Debit,Denver,ATM,72.0,1
88.06,Credit,Raleigh,Online,18.0,0
745.95,Debit,Memphis,ATM,58.0,0
67.25,Debit,Miami,Online,19.0,0
93.63,Debit,New York,ATM,29.0,0
74.11,Debit,San Jose,Branch,22.0,0
41.13,Credit,Philadelphia,Branch,77.0,0
192.02,Credit,Indianapolis,Online,79.0,1
291.27,Debit,Detroit,Branch,77.0,1
296.46,Debit,Dallas,Branch,23.0,1
341.84,Credit,El Paso,Branch,27.0,1
98.41,Debit,Sacramento,Online,27.0,0
109.28,Debit,San Diego,Online,36.0,0
27.51,Credit,Columbus,Online,40.0,1
12.18,Debit,New York,Branch,76.0,0
207.71,Credit,Kansas City,Online,25.0,1
25.77,Credit,San Diego,Online,45.0,0
127.56999999999998,Debit,Nashville,ATM,52.0,0
392.05,Debit,Denver,ATM,60.0,1
521.01,Credit,Seattle,Branch,41.0,0
849.76,Debit,Seattle,ATM,25.0,0
172.5,Debit,Columbus,Online,68.0,1
265.44,Debit,San Antonio,ATM,30.0,0
152.34,Debit,Omaha,Branch,55.0,0
21.13,Debit,Dallas,Branch,28.0,1
111.55,Debit,Denver,ATM,46.0,1
321.82,Credit,Raleigh,Branch,32.0,0
1294.81,Credit,Washington,Branch,45.0,0
148.77,Debit,San Jose,Branch,67.0,0
14.08,Debit,Dallas,Branch,57.0,1
1283.97,Debit,Colorado Springs,ATM,42.0,1
566.33,Credit,Charlotte,ATM,24.0,1
206.51,Debit,Indianapolis,ATM,51.0,1
180.94,Debit,Raleigh,Branch,75.0,0
77.9,Debit,Washington,Branch,21.0,0
318.92,Credit,Washington,Branch,21.0,0
583.3,Credit,Nashville,Online,59.0,0
100.68,Debit,Memphis,Online,63.0,0
589.64,Debit,Charlotte,Online,62.0,1
225.93,Credit,Omaha,Branch,25.0,0
651.55,Debit,Phoenix,Online,72.0,0
80.97,Debit,Seattle,Online,38.0,0
191.89,Debit,San Antonio,Branch,25.0,0
304.75,Credit,Austin,Branch,78.0,1
201.53,Debit,Tucson,Online,68.0,0
8.45,Debit,Philadelphia,ATM,22.0,0
435.98,Debit,Mesa,Branch,30.0,0
743.24,Credit,Indianapolis,Online,19.0,1
16.27,Debit,Atlanta,ATM,57.0,1
290.86,Debit,Louisville,Online,45.0,0
85.73,Debit,Virginia Beach,ATM,41.0,0
555.71,Credit,Boston,Branch,22.0,1
40.03,Debit,Omaha,Branch,23.0,0
73.01,Credit,Milwaukee,Online,25.0,0
346.12,Debit,San Francisco,Branch,44.0,0
1.9299999999999997,Debit,Chicago,Branch,47.0,1
252.92999999999998,Debit,Portland,ATM,75.0,0
238.54,Debit,Indianapolis,ATM,19.0,1
1011.22,Debit,Tucson,Branch,61.0,0
58.7,Debit,New York,Branch,67.0,0
7.5600000000000005,Debit,Milwaukee,ATM,40.0,0
540.4,Debit,Houston,Branch,45.0,1
264.14,Debit,Baltimore,ATM,64.0,1
248.15000000000003,Debit,Milwaukee,ATM,75.0,0
24.34,Debit,Raleigh,Branch,54.0,0
428.61,Debit,Fort Worth,ATM,66.0,1
117.66,Credit,Memphis,Branch,39.0,0
165.8,Debit,Nashville,Online,60.0,0
289.18,Debit,Baltimore,ATM,65.0,1
125.38999999999999,Debit,Los Angeles,ATM,21.0,1
305.18,Debit,Chicago,Online,58.0,1
506.90000000000003,Credit,Houston,Branch,64.0,1
504.11999999999995,Credit,Baltimore,Branch,25.0,1
42.09,Debit,Denver,Branch,29.0,1
607.28,Debit,Baltimore,ATM,32.0,1
91.9,Debit,Chicago,Online,77.0,1
303.43,Debit,Virginia Beach,Branch,22.0,0
668.78,Debit,Mesa,ATM,20.0,0
270.54,Credit,Sacramento,ATM,20.0,0
247.93,Debit,Indianapolis,Branch,37.0,1
34.67,Debit,Chicago,Online,19.0,1
326.03,Credit,New York,Online,18.0,0
148.26,Debit,Omaha,ATM,25.0,0
1086.6,Debit,San Diego,Online,19.0,0
373.99,Debit,Sacramento,ATM,60.0,0
254.33999999999997,Debit,El Paso,Online,49.0,1
819.48,Debit,Virginia Beach,ATM,25.0,0
14.0,Debit,San Antonio,ATM,49.0,0
57.16,Debit,Columbus,ATM,40.0,1
282.26,Debit,Memphis,Online,37.0,0
46.96,Debit,Las Vegas,Online,46.0,1
473.2,Debit,Houston,Online,34.0,1
192.97,Debit,Sacramento,ATM,59.0,0
168.99,Debit,Baltimore,ATM,18.0,1
1.8200000000000003,Debit,San Francisco,Online,80.0,0
40.9,Debit,Charlotte,ATM,55.0,1
78.91,Debit,Sacramento,Online,61.0,0
169.97,Credit,San Diego,ATM,22.0,0
17.79,Debit,Jacksonville,Branch,61.0,1
486.61,Credit,Sacramento,ATM,48.0,0
148.13,Debit,Phoenix,Branch,58.0,0
164.52,Debit,Dallas,ATM,61.0,1
720.89,Debit,Indianapolis,ATM,27.0,1
268.7,Debit,Milwaukee,ATM,53.0,0
637.34,Debit,Indianapolis,ATM,51.0,1
216.76,Credit,Omaha,Online,47.0,0
418.02,Debit,Los Angeles,ATM,46.0,1
292.03,Credit,Memphis,ATM,46.0,0
251.4,Debit,Tucson,ATM,57.0,0
184.56,Debit,Virginia Beach,Online,21.0,0
33.76,Debit,Seattle,Online,26.0,0
253.46000000000004,Debit,Memphis,ATM,45.0,0
1612.37,Debit,Los Angeles,ATM,65.0,1
138.68,Credit,Colorado Springs,Branch,22.0,1
42.56,Debit,Fresno,Online,18.0,1
680.76,Debit,Kansas City,Branch,21.0,1
53.83,Debit,Baltimore,Branch,70.0,1
11.09,Debit,Charlotte,Branch,51.0,1
37.81,Debit,Colorado Springs,Branch,63.0,1
449.18,Debit,Denver,Online,67.0,1
1135.8,Debit,San Diego,ATM,30.0,0
297.6,Debit,Milwaukee,Online,39.0,0
683.75,Debit,Las Vegas,Branch,32.0,1
21.4,Credit,Kansas City,Online,48.0,1
315.94,Debit,Omaha,ATM,78.0,0
331.32,Debit,Sacramento,Branch,61.0,0
223.76,Credit,Boston,Branch,74.0,1
216.03,Debit,Boston,ATM,42.0,1
17.42,Debit,Dallas,ATM,74.0,1
491.91,Debit,Milwaukee,Online,78.0,0
350.11,Credit,Raleigh,Online,74.0,0
218.07,Debit,Austin,Branch,23.0,1
291.09,Debit,El Paso,Branch,48.0,1
422.14,Credit,Albuquerque,Branch,26.0,1
613.21,Debit,Tucson,ATM,61.0,0
73.83,Debit,Las Vegas,Online,69.0,1
67.33,Debit,Detroit,Online,59.0,1
26.92,Debit,Indianapolis,ATM,62.0,1
18.3,Debit,Mesa,Online,48.0,0
317.94,Debit,Los Angeles,ATM,54.0,1
179.38,Debit,Mesa,Online,40.0,0
918.95,Debit,Seattle,Online,68.0,0
13.92,Debit,Los Angeles,ATM,37.0,1
365.43,Debit,Portland,ATM,25.0,0
263.59,Debit,Dallas,Branch,71.0,1
54.8,Debit,Albuquerque,Branch,34.0,1
141.49,Debit,Baltimore,Online,24.0,1
31.389999999999997,Debit,Tucson,ATM,20.0,0
93.82,Debit,San Diego,Online,39.0,0
5.71,Debit,Tucson,Branch,21.0,0
178.39,Debit,Tucson,Online,34.0,0
126.91,Debit,Kansas City,ATM,22.0,1
36.09,Debit,Columbus,Branch,53.0,1
91.77,Debit,Omaha,Branch,51.0,0
198.92,Debit,Milwaukee,Online,36.0,0
137.81,Debit,Detroit,Branch,58.0,1
136.88,Credit,Memphis,Branch,24.0,0
133.07,Debit,Sacramento,Branch,21.0,0
1.14,Debit,Indianapolis,Branch,43.0,1
256.34,Debit,Kansas City,Branch,69.0,1
56.11,Debit,Boston,Branch,36.0,1
118.1,Debit,Fort Worth,ATM,50.0,1
137.86,Credit,Sacramento,Online,66.0,0
813.78,Credit,Atlanta,ATM,54.0,1
237.97,Debit,Columbus,ATM,69.0,1
684.96,Debit,Mesa,ATM,21.0,0
878.63,Debit,Columbus,ATM,60.0,1
276.56,Debit,Austin,Branch,68.0,1
8.75,Debit,Louisville,ATM,79.0,0
637.48,Debit,Colorado Springs,Online,65.0,1
103.15,Debit,San Diego,Branch,51.0,0
505.59999999999997,Debit,Denver,Branch,52.0,1
371.86,Debit,Miami,ATM,46.0,0
14.26,Debit,Virginia Beach,Branch,50.0,0
13.16,Debit,Mesa,Branch,43.0,0
167.92,Debit,Memphis,ATM,40.0,0
73.01,Debit,Houston,ATM,56.0,1
201.5,Credit,Dallas,Online,61.0,1
150.3,Debit,Las Vegas,Online,41.0,1
23.7,Debit,San Francisco,ATM,46.0,0
49.59,Debit,Boston,Branch,48.0,1
720.13,Credit,Omaha,ATM,22.0,0
134.92,Debit,Los Angeles,Online,19.0,1
116.97,Debit,Oklahoma City,ATM,18.0,0
11.06,Debit,Colorado Springs,ATM,34.0,1
88.29,Credit,Houston,Online,50.0,1
5.81,Debit,Houston,ATM,25.0,1
103.48,Debit,Baltimore,ATM,32.0,1
156.74,Debit,Oklahoma City,ATM,70.0,0
505.14,Debit,Portland,ATM,68.0,0
31.060000000000002,Debit,Kansas City,ATM,46.0,1
7.610000000000001,Debit,Atlanta,ATM,50.0,1
276.16,Credit,Portland,ATM,53.0,0
145.77,Debit,Memphis,ATM,68.0,0
369.44,Debit,Detroit,Online,34.0,1
558.86,Debit,Austin,ATM,60.0,1
429.15,Debit,Las Vegas,Branch,26.0,1
36.74,Debit,Tucson,Branch,33.0,0
79.14,Credit,Portland,Online,57.0,0
132.48,Debit,Charlotte,Branch,36.0,1
136.48,Debit,Charlotte,Online,52.0,1
203.76,Debit,Colorado Springs,Branch,55.0,1
750.95,Debit,Chicago,Branch,78.0,1
0.84,Debit,Austin,ATM,52.0,1
257.18,Debit,Los Angeles,Online,67.0,1
767.66,Debit,San Jose,ATM,63.0,0
182.29,Debit,San Diego,Online,54.0,0
184.51,Credit,Portland,Online,54.0,0
451.31,Debit,Fort Worth,ATM,62.0,1
144.1,Debit,Chicago,Branch,57.0,1
72.5,Debit,Fort Worth,ATM,40.0,1
74.11,Credit,Virginia Beach,Online,69.0,0
22.15,Debit,Denver,Branch,44.0,1
777.92,Debit,Austin,Branch,62.0,1
790.07,Debit,Miami,Online,28.0,0
406.33,Credit,Miami,Branch,59.0,0
767.41,Debit,Fort Worth,ATM,56.0,1
4.58,Credit,Atlanta,Online,21.0,1
447.83,Credit,Atlanta,Branch,53.0,1
49.67,Debit,Atlanta,Online,21.0,1
77.83,Credit,Kansas City,Branch,49.0,1
702.87,Debit,Washington,ATM,19.0,0
133.56,Debit,Atlanta,Online,25.0,1
868.05,Credit,San Diego,Online,49.0,0
52.87,Debit,Indianapolis,Branch,24.0,1
179.0,Debit,Houston,ATM,78.0,1
1168.26,Credit,Philadelphia,Online,73.0,0
384.11,Debit,Fort Worth,ATM,58.0,1
227.61,Debit,Houston,Online,71.0,1
40.83,Debit,Indianapolis,ATM,48.0,1
19.76,Debit,Nashville,ATM,20.0,0
484.24,Debit,Raleigh,Branch,67.0,0
494.66,Debit,Houston,Online,33.0,1
301.47,Debit,Colorado Springs,Branch,21.0,1
199.09,Debit,Detroit,Online,70.0,1
38.95,Debit,Los Angeles,Online,27.0,1
515.94,Debit,San Francisco,ATM,29.0,0
41.93,Debit,Fresno,ATM,48.0,1
137.84,Debit,Omaha,ATM,27.0,0
95.35,Debit,Chicago,Online,21.0,1
93.14,Debit,Memphis,Online,67.0,0
1427.71,Debit,New York,Branch,64.0,0
79.33,Credit,Las Vegas,Online,51.0,1
76.89,Debit,Chicago,ATM,55.0,1
233.71,Debit,Jacksonville,Online,19.0,1
14.92,Debit,Las Vegas,Branch,26.0,1
242.17,Debit,Jacksonville,ATM,60.0,1
122.98,Debit,Jacksonville,Online,79.0,1
129.35,Debit,Las Vegas,ATM,52.0,1
138.33,Debit,Dallas,Online,21.0,1
39.31,Debit,Portland,Online,25.0,0
91.85,Debit,Seattle,Online,21.0,0
277.7,Debit,Nashville,Branch,58.0,0
114.03,Debit,Portland,ATM,51.0,0
302.63,Credit,San Jose,Branch,27.0,0
31.19,Debit,Charlotte,ATM,52.0,1
112.91,Credit,Tucson,Online,27.0,0
742.26,Debit,San Diego,Online,27.0,0
256.8,Debit,Charlotte,ATM,26.0,1
378.68,Debit,Fort Worth,ATM,60.0,1
571.93,Debit,Washington,Online,52.0,0
26.31,Credit,Austin,Online,77.0,1
205.58,Debit,Portland,Online,20.0,0
533.61,Debit,Mesa,Online,48.0,0
428.62,Debit,Raleigh,Branch,55.0,0
361.22,Debit,Raleigh,ATM,64.0,0
837.29,Debit,Phoenix,Branch,25.0,0
117.25,Credit,Atlanta,Online,31.0,1
135.27,Debit,Atlanta,ATM,48.0,1
185.1,Debit,Albuquerque,Branch,53.0,1
113.54,Debit,Columbus,Online,38.0,1
354.96,Debit,Fort Worth,Online,69.0,1
224.22,Debit,Fresno,Branch,53.0,1
737.1,Debit,Washington,ATM,60.0,0
223.22,Debit,Fort Worth,ATM,27.0,1
557.26,Debit,San Jose,ATM,69.0,0
1496.57,Debit,Memphis,Online,33.0,0
27.44,Debit,Boston,ATM,62.0,1
310.09,Debit,Detroit,Branch,36.0,1
80.38,Debit,Kansas City,Online,52.0,1
26.1,Credit,Detroit,Branch,66.0,1
845.14,Credit,Oklahoma City,Branch,73.0,0
59.73,Debit,Fresno,ATM,27.0,1
758.77,Debit,San Antonio,ATM,60.0,0
301.51,Debit,Charlotte,ATM,22.0,1
418.03,Debit,Austin,Online,58.0,1
118.06,Credit,Las Vegas,Branch,32.0,1
483.92,Debit,New York,ATM,70.0,0
78.93,Debit,Mesa,ATM,38.0,0
36.63,Debit,Miami,ATM,75.0,0
87.85,Debit,Colorado Springs,Branch,49.0,1
1001.83,Debit,Philadelphia,Online,31.0,0
705.34,Debit,Washington,Online,59.0,0
146.55,Debit,Virginia Beach,Online,54.0,0
116.89,Debit,Columbus,Online,71.0,1
106.41,Debit,Los Angeles,Branch,57.0,1
1087.9,Debit,Boston,ATM,78.0,1
584.41,Debit,Las Vegas,ATM,23.0,1
584.98,Credit,Chicago,Branch,55.0,1
79.21,Debit,Colorado Springs,Branch,56.0,1
173.13,Credit,Atlanta,Online,20.0,1
335.7,Debit,El Paso,ATM,80.0,1
1225.5,Credit,Las Vegas,Online,50.0,1
422.81,Debit,Los Angeles,Branch,28.0,1
135.43,Debit,San Jose,ATM,57.0,0
584.88,Debit,Philadelphia,ATM,26.0,0
308.94,Debit,Los Angeles,Online,25.0,1
295.93,Debit,Boston,Branch,36.0,1
1512.99,Debit,Philadelphia,Online,19.0,0
77.44,Debit,Washington,Branch,58.0,0
92.5,Credit,Seattle,Online,40.0,0
97.74,Credit,Los Angeles,Online,41.0,1
291.68,Debit,Columbus,ATM,21.0,1
56.96,Debit,Albuquerque,ATM,22.0,1
436.8,Debit,Seattle,Online,27.0,0
259.49,Debit,Austin,Online,72.0,1
726.26,Debit,Omaha,Online,57.0,0
568.68,Debit,Houston,ATM,72.0,1
77.57,Debit,Atlanta,Online,49.0,1
999.28,Debit,Boston,Online,29.0,1
14.16,Credit,Oklahoma City,Branch,74.0,0
1142.83,Credit,Omaha,Branch,61.0,0
61.330000000000005,Debit,Raleigh,ATM,27.0,0
27.64,Debit,New York,Online,54.0,0
3.85,Debit,San Jose,ATM,29.0,0
431.22,Credit,Austin,Branch,73.0,1
178.55,Debit,Houston,Branch,55.0,1
248.76,Debit,Denver,ATM,18.0,1
76.16,Debit,San Francisco,ATM,23.0,0
347.25,Debit,Indianapolis,ATM,69.0,1
28.04,Debit,Los Angeles,ATM,57.0,1
325.98,Debit,Washington,ATM,19.0,0
249.56000000000003,Debit,New York,Branch,76.0,0
17.43,Debit,Albuquerque,ATM,56.0,1
198.01,Credit,Austin,Branch,26.0,1
585.58,Debit,Raleigh,Branch,23.0,0
434.67,Credit,Virginia Beach,Online,27.0,0
510.7,Credit,Nashville,Online,27.0,0
331.98,Debit,Denver,ATM,74.0,1
199.54,Debit,Portland,Online,56.0,0
212.97,Debit,Atlanta,Online,59.0,1
270.56,Debit,Philadelphia,Online,23.0,0
306.37,Debit,Colorado Springs,ATM,26.0,1
643.02,Credit,Detroit,ATM,38.0,1
98.48,Debit,Miami,Branch,47.0,0
889.01,Debit,Virginia Beach,Online,36.0,0
537.86,Debit,Kansas City,Online,27.0,1
241.18,Debit,Mesa,ATM,25.0,0
130.54,Debit,Atlanta,ATM,64.0,1
800.29,Credit,San Diego,Branch,20.0,0
8.81,Debit,Dallas,Online,57.0,1
28.52,Debit,Detroit,ATM,20.0,1
431.31,Credit,Atlanta,Online,23.0,1
885.33,Credit,Raleigh,ATM,47.0,0
199.23,Debit,Tucson,ATM,29.0,0
42.26,Debit,Raleigh,ATM,44.0,0
166.06,Debit,Indianapolis,ATM,30.0,1
357.72,Debit,Miami,ATM,53.0,0
588.37,Debit,Dallas,Online,28.0,1
72.82,Debit,Houston,Online,68.0,1
162.36,Debit,Tucson,Online,36.0,0
584.82,Credit,Nashville,Online,43.0,0
38.15,Credit,Oklahoma City,Online,72.0,0
477.54,Credit,San Francisco,ATM,23.0,0
639.57,Debit,Philadelphia,Branch,60.0,0
58.23,Debit,Phoenix,Online,28.0,0
776.21,Credit,Raleigh,Online,78.0,0
248.76,Debit,Portland,Branch,21.0,0
188.61,Debit,Boston,Online,67.0,1
675.37,Credit,Jacksonville,Online,56.0,1
94.82,Credit,Columbus,Branch,67.0,1
425.18,Credit,Fresno,Online,59.0,1
50.28,Debit,Oklahoma City,Branch,60.0,0
864.72,Credit,Detroit,Branch,34.0,1
70.68,Debit,El Paso,Online,25.0,1
261.77,Debit,Chicago,Online,28.0,1
183.22,Debit,Milwaukee,ATM,27.0,0
58.32,Credit,Louisville,Branch,29.0,0
156.86,Debit,Charlotte,ATM,51.0,1
120.67,Debit,Colorado Springs,ATM,42.0,1
308.62,Credit,Sacramento,Branch,59.0,0
506.81,Debit,Milwaukee,ATM,59.0,0
328.39,Debit,New York,ATM,41.0,0
796.3,Debit,Austin,Branch,67.0,1
72.47,Debit,Boston,Online,29.0,1
279.6,Debit,Fort Worth,ATM,25.0,1
304.2,Debit,Indianapolis,Online,25.0,1
351.38,Debit,New York,Branch,64.0,0
86.07,Debit,Dallas,Branch,31.0,1
604.5,Debit,Portland,ATM,28.0,0
258.7,Debit,Charlotte,ATM,27.0,1
994.6299999999999,Debit,Austin,Online,61.0,1
11.46,Credit,Austin,Branch,75.0,1
63.75999999999999,Debit,San Antonio,ATM,69.0,0
446.83,Credit,Miami,Branch,55.0,0
63.540000000000006,Debit,Dallas,ATM,26.0,1
81.11,Debit,Charlotte,Online,48.0,1
441.26,Credit,Tucson,Branch,58.0,0
170.96,Debit,Washington,Branch,64.0,0
48.51,Debit,Austin,Branch,22.0,1
325.03,Debit,Jacksonville,Branch,60.0,1
125.83,Debit,Los Angeles,ATM,57.0,1
506.83,Debit,Indianapolis,Branch,37.0,1
738.94,Debit,Philadelphia,Branch,41.0,0
180.36,Credit,Oklahoma City,Online,33.0,0
225.1,Debit,Boston,ATM,28.0,1
359.51,Debit,Charlotte,Online,79.0,1
720.46,Debit,Tucson,Branch,54.0,0
1116.57,Debit,Tucson,ATM,56.0,0
291.46,Debit,Miami,ATM,57.0,0
1192.95,Debit,Las Vegas,Branch,23.0,1
98.24,Debit,Mesa,Online,28.0,0
100.48,Credit,Milwaukee,Branch,18.0,0
45.9,Debit,Columbus,Branch,56.0,1
258.21,Debit,San Antonio,Online,39.0,0
1079.11,Debit,Las Vegas,Online,53.0,1
287.51,Debit,El Paso,Online,22.0,1
501.29999999999995,Credit,San Antonio,Online,26.0,0
26.1,Debit,Mesa,ATM,27.0,0
436.77,Debit,Jacksonville,ATM,20.0,1
292.38,Debit,Baltimore,ATM,68.0,1
1026.46,Debit,Philadelphia,Branch,53.0,0
25.29,Debit,Miami,Online,50.0,0
123.34999999999998,Credit,Baltimore,Online,31.0,1
139.52,Debit,Portland,Branch,23.0,0
51.2,Debit,Tucson,Online,18.0,0
122.85,Credit,Seattle,Online,47.0,0
161.38,Credit,Colorado Springs,Online,24.0,1
2.51,Debit,Baltimore,Online,63.0,1
22.62,Debit,Virginia Beach,ATM,64.0,0
126.83000000000001,Debit,Austin,Branch,57.0,1
46.6,Debit,Detroit,Online,55.0,1
243.8,Debit,San Francisco,Branch,57.0,0
231.51,Credit,Oklahoma City,Branch,60.0,0
175.05,Debit,San Francisco,Online,39.0,0
762.74,Debit,Los Angeles,ATM,64.0,1
34.03,Debit,Los Angeles,Branch,57.0,1
15.950000000000001,Debit,Raleigh,Branch,25.0,0
926.53,Debit,Milwaukee,ATM,57.0,0
101.51,Credit,Tucson,Online,46.0,0
309.42,Debit,Fresno,Branch,27.0,1
257.6,Credit,Fort Worth,Online,59.0,1
746.78,Credit,Mesa,Branch,21.0,0
82.01,Credit,Sacramento,Branch,23.0,0
476.99,Debit,San Diego,Online,23.0,0
320.11,Debit,El Paso,Branch,23.0,1
333.39,Debit,Philadelphia,ATM,68.0,0
10.3,Debit,Fresno,ATM,47.0,1
737.46,Credit,Albuquerque,Branch,53.0,1
416.55,Debit,Oklahoma City,Online,33.0,0
84.91,Debit,Raleigh,Online,18.0,0
98.95,Debit,Mesa,Branch,75.0,0
18.14,Credit,Milwaukee,ATM,58.0,0
1154.79,Debit,Columbus,ATM,51.0,1
215.13,Debit,Charlotte,Online,46.0,1
218.57,Credit,Memphis,Branch,62.0,0
341.88,Debit,Austin,ATM,43.0,1
691.92,Debit,Boston,Online,19.0,1
50.43,Debit,San Jose,Branch,32.0,0
440.43,Debit,Colorado Springs,Branch,78.0,1
299.03,Debit,Columbus,Branch,39.0,1
1.98,Debit,Seattle,ATM,66.0,0
173.45,Debit,Philadelphia,ATM,31.0,0
438.76,Debit,San Antonio,Branch,22.0,0
519.62,Credit,Washington,Online,71.0,0
738.68,Debit,Chicago,Online,50.0,1
151.14,Debit,Memphis,Online,64.0,0
75.77,Debit,Charlotte,Branch,51.0,1
444.52,Debit,Louisville,Online,27.0,0
5.29,Debit,Indianapolis,Online,52.0,1
97.63,Credit,Milwaukee,Online,48.0,0
256.95,Debit,San Diego,Branch,26.0,0
734.86,Credit,Boston,Branch,48.0,1
1250.94,Debit,Columbus,ATM,36.0,1
84.28,Debit,Memphis,Branch,39.0,0
927.45,Debit,Austin,ATM,24.0,1
202.49,Credit,Virginia Beach,ATM,48.0,0
154.99,Debit,Mesa,Branch,25.0,0
481.53,Debit,Atlanta,Branch,58.0,1
172.92,Debit,Miami,Online,20.0,0
275.59,Credit,Philadelphia,Branch,53.0,0
207.2,Debit,Columbus,Online,60.0,1
136.82,Debit,Chicago,Branch,31.0,1
624.0,Debit,Houston,Branch,26.0,1
179.38,Debit,Chicago,Online,30.0,1
10.15,Debit,Austin,ATM,59.0,1
26.3,Debit,Virginia Beach,ATM,32.0,0
319.5,Credit,Virginia Beach,Branch,29.0,0
182.42,Debit,Kansas City,Branch,51.0,1
716.62,Debit,Atlanta,ATM,44.0,1
222.96,Credit,Fresno,ATM,65.0,1
79.77,Debit,San Francisco,ATM,68.0,0
431.08,Debit,Albuquerque,Branch,59.0,1
592.24,Debit,Tucson,ATM,52.0,0
200.19,Credit,San Antonio,Branch,52.0,0
297.5,Credit,Kansas City,Branch,73.0,1
345.86,Debit,Omaha,ATM,51.0,0
343.88,Debit,Nashville,Online,63.0,0
16.52,Credit,Boston,Online,25.0,1
162.1,Debit,Milwaukee,Branch,41.0,0
36.12,Debit,Houston,Online,22.0,1
354.91,Debit,Boston,ATM,74.0,1
38.41,Debit,Denver,ATM,40.0,1
53.52,Debit,San Diego,Branch,49.0,0
498.59,Debit,Philadelphia,Online,57.0,0
13.3,Debit,San Antonio,ATM,23.0,0
189.65,Debit,Charlotte,ATM,21.0,1
255.32,Debit,Baltimore,ATM,80.0,1
230.51,Credit,Memphis,Branch,51.0,0
237.74,Debit,Tucson,ATM,61.0,0
512.76,Debit,Fresno,ATM,52.0,1
151.37,Debit,Baltimore,ATM,54.0,1
85.01,Credit,Portland,ATM,25.0,0
444.47,Debit,San Jose,Online,57.0,0
184.19,Debit,Indianapolis,ATM,67.0,1
879.25,Credit,Memphis,Online,24.0,0
55.98,Credit,Kansas City,Branch,24.0,1
54.91,Credit,Columbus,ATM,41.0,1
1047.69,Debit,Austin,Online,20.0,1
393.74,Debit,Charlotte,Online,26.0,1
58.94,Debit,Miami,Online,30.0,0
515.57,Debit,Columbus,ATM,27.0,1
332.15,Debit,Dallas,ATM,59.0,1
177.94,Debit,Milwaukee,Online,19.0,0
68.68,Debit,Sacramento,Online,49.0,0
1431.54,Debit,Portland,Online,20.0,0
240.03,Debit,Atlanta,Online,33.0,1
168.34,Debit,Phoenix,ATM,64.0,0
474.77,Debit,Boston,Online,46.0,1
451.7,Debit,Chicago,Online,29.0,1
243.84999999999997,Debit,Omaha,Branch,39.0,0
5.76,Debit,Houston,Branch,38.0,1
435.08,Debit,San Francisco,Online,55.0,0
127.78,Debit,Miami,ATM,20.0,0
23.14,Credit,Mesa,Online,47.0,0
545.87,Debit,Miami,Branch,27.0,0
21.21,Debit,Nashville,Online,55.0,0
423.53,Credit,Kansas City,Branch,50.0,1
142.1,Credit,San Francisco,Online,18.0,0
1413.24,Debit,New York,ATM,58.0,0
114.15,Debit,Atlanta,ATM,19.0,1
275.98,Credit,Washington,Online,72.0,0
590.68,Debit,Washington,Branch,27.0,0
152.42,Debit,San Jose,ATM,42.0,0
395.77,Credit,El Paso,Branch,43.0,1
615.16,Debit,Boston,Online,26.0,1
207.82,Credit,Las Vegas,Online,19.0,1
220.52,Debit,Seattle,ATM,57.0,0
281.47,Debit,Philadelphia,ATM,34.0,0
57.91,Credit,Sacramento,Branch,58.0,0
30.48,Credit,Seattle,Branch,32.0,0
1152.58,Debit,Austin,Branch,65.0,1
453.09,Debit,San Jose,Branch,48.0,0
424.47,Debit,Oklahoma City,Online,22.0,0
228.4,Debit,Omaha,ATM,67.0,0
67.17,Debit,Seattle,Online,63.0,0
284.89,Debit,Atlanta,Online,53.0,1
118.69,Debit,Omaha,Online,33.0,0
221.33,Debit,Louisville,ATM,27.0,0
252.31,Credit,Seattle,ATM,26.0,0
58.85,Credit,Milwaukee,Online,71.0,0
194.68,Debit,Memphis,Online,32.0,0
433.53,Debit,Philadelphia,Branch,38.0,0
178.26,Debit,Oklahoma City,ATM,59.0,0
207.65,Debit,San Francisco,Online,34.0,0
237.0,Debit,Tucson,Online,49.0,0
1169.59,Debit,New York,Online,28.0,0
347.63,Credit,Chicago,Online,25.0,1
517.68,Debit,Omaha,ATM,31.0,0
36.25,Debit,Tucson,Branch,52.0,0
46.53,Debit,San Francisco,ATM,42.0,0
207.47,Debit,Miami,ATM,53.0,0
199.7,Debit,Indianapolis,ATM,43.0,1
307.89,Credit,Nashville,Online,62.0,0
403.63,Debit,Las Vegas,Branch,31.0,1
20.06,Debit,Memphis,ATM,27.0,0
236.57,Debit,Sacramento,ATM,79.0,0
0.32,Debit,Boston,ATM,39.0,1
14.28,Debit,Phoenix,ATM,23.0,0
232.35,Credit,Atlanta,Branch,33.0,1
317.53,Debit,Miami,Online,44.0,0
74.67,Debit,Indianapolis,ATM,43.0,1
65.01,Credit,Austin,Online,29.0,1
0.45,Debit,Kansas City,Branch,34.0,1
364.13,Debit,Fort Worth,ATM,63.0,1
340.13,Debit,Mesa,Branch,24.0,0
15.810000000000002,Debit,Oklahoma City,Branch,69.0,0
222.66,Debit,Detroit,Online,39.0,1
638.24,Debit,Phoenix,Branch,48.0,0
241.21,Debit,Omaha,ATM,31.0,0
171.16,Debit,New York,Online,51.0,0
1360.67,Debit,Raleigh,Branch,29.0,0
37.65,Credit,San Jose,Online,27.0,0
25.77,Debit,Memphis,Online,68.0,0
789.8,Debit,Jacksonville,ATM,40.0,1
308.85,Credit,Los Angeles,Branch,20.0,1
1454.52,Debit,Miami,ATM,27.0,0
806.97,Debit,Seattle,Online,25.0,0
364.81,Debit,Charlotte,Online,25.0,1
490.82,Debit,Kansas City,ATM,26.0,1
1021.3799999999999,Debit,Detroit,Branch,61.0,1
311.28,Debit,Atlanta,Branch,49.0,1
85.03,Debit,San Diego,ATM,51.0,0
307.75,Debit,Detroit,Branch,64.0,1
333.67,Debit,Fort Worth,Online,36.0,1
589.89,Debit,Jacksonville,Branch,56.0,1
372.08,Debit,Houston,Branch,66.0,1
502.9,Credit,Fresno,Online,26.0,1
103.81,Debit,Oklahoma City,ATM,36.0,0
69.43,Debit,Las Vegas,ATM,30.0,1
110.4,Credit,San Diego,ATM,56.0,0
275.65,Credit,Atlanta,Branch,28.0,1
336.01,Debit,Colorado Springs,Online,63.0,1
251.8,Debit,Mesa,ATM,62.0,0
334.07,Debit,New York,Branch,59.0,0
52.44,Debit,Raleigh,Online,27.0,0
1030.85,Debit,San Diego,ATM,25.0,0
141.37,Debit,Denver,Online,46.0,1
211.7,Credit,Chicago,Online,50.0,1
61.39999999999999,Debit,San Jose,Branch,41.0,0
308.23,Debit,Las Vegas,ATM,60.0,1
111.41,Debit,Chicago,Branch,21.0,1
675.49,Debit,Charlotte,ATM,61.0,1
29.72,Debit,San Antonio,ATM,26.0,0
301.73,Debit,Tucson,Online,67.0,0
294.61,Debit,Omaha,Branch,60.0,0
106.43,Credit,Phoenix,ATM,52.0,0
381.52,Debit,Seattle,Online,36.0,0
1142.76,Credit,Houston,Online,25.0,1
5.66,Debit,Fresno,Branch,40.0,1
209.09,Debit,Virginia Beach,ATM,48.0,0
521.81,Debit,Virginia Beach,ATM,47.0,0
588.36,Debit,Charlotte,Online,33.0,1
146.67,Debit,Albuquerque,Online,20.0,1
176.52,Credit,San Diego,Online,73.0,0
57.34,Debit,Atlanta,Online,27.0,1
294.77,Debit,Philadelphia,Online,77.0,0
881.32,Debit,El Paso,Online,31.0,1
162.59,Debit,Indianapolis,Branch,64.0,1
56.15,Debit,Nashville,Branch,31.0,0
524.55,Debit,El Paso,ATM,39.0,1
535.4,Debit,San Diego,Branch,23.0,0
56.84,Debit,Raleigh,ATM,45.0,0
135.94,Debit,Houston,Branch,71.0,1
47.1,Credit,Washington,Branch,42.0,0
124.05,Credit,Albuquerque,Branch,61.0,1
802.89,Debit,Chicago,ATM,19.0,1
193.16,Debit,Charlotte,ATM,64.0,1
541.52,Credit,Indianapolis,Branch,48.0,1
20.17,Debit,San Antonio,ATM,77.0,0
35.98,Credit,Nashville,Branch,40.0,0
273.24,Debit,Fresno,Branch,51.0,1
663.45,Debit,Albuquerque,ATM,67.0,1
343.86,Debit,Charlotte,Branch,57.0,1
69.38,Debit,Detroit,Branch,69.0,1
75.43,Debit,Fresno,ATM,77.0,1
414.64,Debit,Mesa,Branch,32.0,0
86.79,Debit,Fort Worth,Branch,33.0,1
1105.88,Debit,Omaha,ATM,34.0,0
14.1,Debit,Louisville,Branch,45.0,0
63.330000000000005,Credit,Louisville,Branch,23.0,0
606.27,Debit,Louisville,Branch,29.0,0
4.47,Debit,Baltimore,Branch,27.0,1
289.01,Debit,Miami,Online,66.0,0
338.69,Debit,Virginia Beach,Branch,18.0,0
97.73,Debit,Sacramento,Branch,69.0,0
1021.16,Debit,Albuquerque,ATM,20.0,1
27.61,Credit,Fort Worth,ATM,54.0,1
284.17,Debit,Memphis,ATM,51.0,0
76.21,Debit,Los Angeles,Branch,22.0,1
334.79,Credit,Denver,Branch,69.0,1
584.51,Debit,Denver,ATM,74.0,1
432.18,Debit,Las Vegas,Branch,18.0,1
134.55,Debit,San Jose,Online,59.0,0
61.66,Debit,Sacramento,ATM,26.0,0
12.35,Debit,Fresno,Branch,25.0,1
213.25,Debit,San Francisco,Branch,25.0,0
34.93,Debit,Columbus,Branch,31.0,1
959.48,Debit,Miami,Branch,67.0,0
335.68,Debit,Tucson,Online,24.0,0
423.96,Debit,San Diego,ATM,43.0,0
361.38,Credit,Milwaukee,Online,72.0,0
220.82,Debit,Louisville,Branch,42.0,0
717.36,Credit,San Diego,Online,22.0,0
406.12,Debit,Houston,ATM,42.0,1
427.83,Debit,Phoenix,ATM,47.0,0
416.62,Credit,Baltimore,Online,26.0,1
21.9,Debit,Phoenix,ATM,28.0,0
717.74,Credit,Sacramento,Online,42.0,0
393.68,Debit,San Diego,ATM,55.0,0
281.91,Debit,Denver,Branch,25.0,1
239.85,Debit,Tucson,ATM,70.0,0
237.84,Debit,Nashville,Branch,26.0,0
459.29,Credit,Kansas City,Online,64.0,1
196.49,Debit,Oklahoma City,Branch,41.0,0
21.23,Debit,Virginia Beach,ATM,23.0,0
95.23,Debit,Denver,Online,20.0,1
344.87,Debit,Houston,Branch,58.0,1
129.62,Credit,San Jose,ATM,23.0,0
16.53,Debit,Houston,ATM,21.0,1
277.02,Credit,Denver,ATM,46.0,1
13.02,Debit,Charlotte,Branch,51.0,1
199.02,Debit,Memphis,ATM,22.0,0
684.5,Debit,Fort Worth,Branch,29.0,1
1173.74,Credit,Virginia Beach,Online,61.0,0
45.92,Debit,Nashville,ATM,26.0,0
761.73,Debit,Columbus,ATM,19.0,1
331.38,Debit,Miami,ATM,42.0,0
602.8,Debit,Baltimore,Branch,60.0,1
64.12,Credit,Indianapolis,Branch,57.0,1
57.38,Debit,Kansas City,Online,28.0,1
94.64,Credit,New York,ATM,28.0,0
155.56,Credit,Austin,Branch,19.0,1
301.39,Credit,Denver,Online,47.0,1
136.31,Debit,Nashville,Online,74.0,0
4.39,Debit,Philadelphia,ATM,26.0,0
429.25,Debit,Seattle,Online,29.0,0
138.54,Credit,Austin,Branch,60.0,1
33.03,Debit,Washington,Branch,21.0,0
76.39,Debit,Sacramento,Online,30.0,0
25.32,Debit,Oklahoma City,ATM,19.0,0
330.91,Debit,Kansas City,ATM,36.0,1
153.55,Debit,Denver,Online,37.0,1
217.61,Debit,Omaha,Online,27.0,0
131.69,Credit,Denver,Branch,53.0,1
953.17,Debit,Raleigh,Online,60.0,0
68.49,Debit,Nashville,Online,67.0,0
1493.0,Debit,Colorado Springs,ATM,69.0,1
470.62,Debit,Tucson,Branch,57.0,0
385.35,Debit,Miami,Branch,38.0,0
74.72,Debit,Phoenix,Online,26.0,0
352.03,Credit,Phoenix,Online,27.0,0
275.87,Debit,Seattle,ATM,25.0,0
90.94,Credit,Colorado Springs,ATM,63.0,1
206.25,Debit,Baltimore,ATM,74.0,1
116.76,Debit,Philadelphia,ATM,51.0,0
91.5,Debit,Omaha,ATM,47.0,0
489.31000000000006,Debit,Louisville,Branch,43.0,0
1664.33,Debit,San Antonio,Branch,18.0,0
414.49,Credit,Phoenix,Online,58.0,0
315.13,Debit,Omaha,Branch,30.0,0
28.38,Debit,Tucson,Branch,45.0,0
456.05,Debit,Detroit,Branch,68.0,1
277.22,Debit,Kansas City,Branch,35.0,1
54.84,Debit,Kansas City,Online,52.0,1
29.92,Credit,Denver,Online,68.0,1
133.06,Debit,Las Vegas,Online,35.0,1
332.06,Debit,Seattle,ATM,29.0,0
14.34,Credit,Memphis,Online,67.0,0
468.32,Debit,Fresno,Online,69.0,1
582.17,Debit,Tucson,Branch,57.0,0
245.62,Debit,San Antonio,Branch,23.0,0
981.9,Credit,Baltimore,Online,43.0,1
83.6,Debit,San Jose,ATM,47.0,0
331.22,Credit,Oklahoma City,Branch,61.0,0
57.49,Credit,Detroit,Online,24.0,1
85.58,Debit,Fort Worth,ATM,55.0,1
157.56,Debit,Indianapolis,Branch,43.0,1
230.3,Debit,Colorado Springs,Online,46.0,1
305.92,Debit,El Paso,ATM,72.0,1
942.7,Debit,Boston,Online,35.0,1
116.33,Debit,Fresno,Branch,27.0,1
537.71,Credit,Mesa,Online,19.0,0
538.17,Credit,Washington,Branch,27.0,0
219.44,Debit,Washington,Online,42.0,0
61.62,Debit,Miami,Online,57.0,0
58.77,Debit,Memphis,Online,27.0,0
538.13,Debit,Charlotte,ATM,62.0,1
177.05,Debit,Philadelphia,Branch,24.0,0
403.01,Debit,Washington,Online,63.0,0
719.76,Debit,San Francisco,Branch,19.0,0
163.22,Debit,Miami,Online,26.0,0
242.85,Debit,San Antonio,Online,42.0,0
291.22,Credit,Baltimore,Online,41.0,1
56.52,Debit,Omaha,ATM,42.0,0
195.8,Debit,Raleigh,Online,39.0,0
66.76,Credit,Austin,Branch,36.0,1
190.9,Debit,Jacksonville,Online,28.0,1
106.99,Debit,Omaha,Branch,38.0,0
655.81,Debit,Omaha,ATM,55.0,0
107.1,Credit,Philadelphia,Online,25.0,0
79.92,Debit,Miami,ATM,44.0,0
430.83,Debit,Los Angeles,Branch,18.0,1
235.34,Debit,Washington,Branch,26.0,0
86.35,Credit,Indianapolis,Branch,52.0,1
337.99,Debit,Colorado Springs,ATM,70.0,1
577.13,Credit,San Jose,Branch,40.0,0
213.33,Debit,Omaha,ATM,52.0,0
54.52,Debit,Indianapolis,Branch,32.0,1
100.13,Debit,Denver,Branch,57.0,1
883.92,Credit,Tucson,Online,53.0,0
69.8,Credit,New York,Branch,27.0,0
768.94,Debit,Indianapolis,Branch,64.0,1
179.62,Debit,Tucson,Online,24.0,0
425.91,Debit,Jacksonville,ATM,23.0,1
263.34,Debit,Denver,ATM,64.0,1
113.03,Credit,Tucson,Online,36.0,0
11.02,Debit,Austin,Online,42.0,1
865.17,Debit,Houston,Branch,24.0,1
152.0,Debit,Albuquerque,ATM,51.0,1
270.39,Debit,Jacksonville,ATM,25.0,1
246.40999999999997,Debit,Detroit,ATM,54.0,1
336.84,Debit,Washington,ATM,22.0,0
261.45,Credit,Oklahoma City,Online,50.0,0
99.98,Credit,Washington,Online,73.0,0
400.69,Debit,Las Vegas,Online,32.0,1
411.47,Debit,Fort Worth,ATM,26.0,1
204.63,Debit,Las Vegas,Online,52.0,1
421.56,Debit,San Jose,Online,53.0,0
193.38,Debit,Memphis,ATM,18.0,0
377.04,Debit,Chicago,ATM,34.0,1
54.1,Credit,Boston,Branch,28.0,1
18.1,Debit,Louisville,ATM,57.0,0
408.62,Credit,Fort Worth,Online,48.0,1
162.1,Debit,Baltimore,Branch,64.0,1
165.31,Debit,Boston,ATM,49.0,1
267.48,Debit,Albuquerque,ATM,21.0,1
856.9,Debit,New York,Branch,36.0,0
433.9,Debit,Albuquerque,Online,65.0,1
271.22,Credit,Louisville,ATM,45.0,0
307.68,Credit,Detroit,Online,75.0,1
348.17,Debit,El Paso,ATM,21.0,1
43.1,Debit,Denver,Branch,25.0,1
557.78,Credit,Phoenix,Branch,26.0,0
325.6,Debit,Dallas,ATM,69.0,1
235.83,Credit,Memphis,Online,53.0,0
603.54,Debit,Albuquerque,Online,44.0,1
270.25,Debit,Tucson,ATM,31.0,0
123.38,Debit,Sacramento,Online,59.0,0
577.12,Debit,Virginia Beach,ATM,39.0,0
92.24,Debit,Philadelphia,Branch,60.0,0
856.21,Credit,Colorado Springs,Branch,33.0,1
251.54000000000002,Debit,Tucson,Branch,48.0,0
28.63,Debit,San Diego,Branch,56.0,0
185.97,Debit,Denver,Online,23.0,1
243.08000000000004,Credit,Jacksonville,Online,24.0,1
